GAME_DATE,DAY,START_TIME_ET,GAME,TYPE,LIST_DATE,LIST_DAYS_REMAIN,ORDER_NO,SALE_DATE,SALE_DAYS_REMAIN,QTY_AVAIL,QTY_SOLD,SALE_UNIT_PRICE,SALE_EXT_AMT,STUBHUB_FEES,NET_PAYOUT,UNIT_COST,EXT_COST,MARGIN,MARGIN_PCT,M2_MAY,M3_JUN,M4_JUL,M5_AUG,M6_SEP,M7_SCHOOL_OUT,DOW,D1_TUE,D2_WED,D3_THUR,D4_FRI,D5_SAT,D6_SUN,S1_OPENER,S2_MOTHERS_DAY,S3_INDEPENDENCE_DAY,FULL_DATE,DAY_NIGHT,START_TIME,T1_DAY_1PM,T1_DAY_4PM,BRAVES_CLASS,HOME_TEAM,AWAY_TEAM,O01_NYM,O02_PHL,O03_MIA,O04_STL,O05_MIL,O06_CHC,O07_PIT,O08_CIN,O09_LAD,O10_SDP,O11_SFG,O12_ARI,O13_COL,O14_HOU,O15_LAA,O16_OAK,O17_BOS,OC1_DIVISION,OC2_AL_INTER,OUTCOME,RUNS,RA,INNINGS,POST_RECORD,BRAVES_RANK,R1_BRAVES_GB,WIN,LOSS,SAVE,TIME,ATTENDANCE,CLI,STREAK,E1_BOBBLEHEAD,E2_WS_REPLICA_RING,OPP_RANK,OPP_2022_ATTEND_AVG,OPP_MSA_POP, OPP_POP_PER_ATTEND ,OPP_FORBES_VAL
4/7/22,Thu,8:08 PM,Reds at Braves,PARKING,3/20/22,18,271602197,3/25/22,13,1,1,69.00,69.00,10.35,58.65,18.00,18.00,40.65,226%,0,0,0,0,0,0,5,0,0,1,0,0,0,1,0,0,"Thursday, Apr 7",N,8:08 PM,0,0,1_Diamond,ATL,CIN,0,0,0,0,0,0,0,1,0,0,0,0,0,0,0,0,0,0,0,L,3,6,0,0-1,4,-1,Mahle,Fried,Santillan,3:01,40545,0.96,-1,0,0,4,17447,2259935, 130 ,1.19
4/7/22,Thu,8:08 PM,Reds at Braves,SEATS,3/20/22,18,271881539,4/4/22,3,2,2,65.00,130.00,19.50,110.50,18.00,36.00,74.50,207%,0,0,0,0,0,0,5,0,0,1,0,0,0,1,0,0,"Thursday, Apr 7",N,8:08 PM,0,0,1_Diamond,ATL,CIN,0,0,0,0,0,0,0,1,0,0,0,0,0,0,0,0,0,0,0,L,3,6,0,0-1,4,-1,Mahle,Fried,Santillan,3:01,40545,0.96,-1,0,0,4,17447,2259935, 130 ,1.19
4/7/22,Thu,8:08 PM,Reds at Braves,SEATS,3/20/22,18,271942973,4/6/22,1,2,2,47.00,94.00,14.10,79.90,18.00,36.00,43.90,122%,0,0,0,0,0,0,5,0,0,1,0,0,0,1,0,0,"Thursday, Apr 7",N,8:08 PM,0,0,1_Diamond,ATL,CIN,0,0,0,0,0,0,0,1,0,0,0,0,0,0,0,0,0,0,0,L,3,6,0,0-1,4,-1,Mahle,Fried,Santillan,3:01,40545,0.96,-1,0,0,4,17447,2259935, 130 ,1.19
4/8/22,Fri,7:20 PM,Reds at Braves,PARKING,3/20/22,19,271504107,3/21/22,18,1,1,79.00,79.00,11.85,67.15,18.00,18.00,49.15,273%,0,0,0,0,0,0,6,0,0,0,1,0,0,0,0,0,"Friday, Apr 8",N,7:20 PM,0,0,2_Marquee,ATL,CIN,0,0,0,0,0,0,0,1,0,0,0,0,0,0,0,0,0,0,0,W,7,6,0,44927,3,-1,Morton,Sanmartin,0,3:07,40234,0.92,1,0,0,4,17447,2259935, 130 ,1.19
4/8/22,Fri,7:20 PM,Reds at Braves,SEATS,3/20/22,19,271509271,3/21/22,18,4,4,44.00,176.00,26.40,149.60,18.00,72.00,77.60,108%,0,0,0,0,0,0,6,0,0,0,1,0,0,0,0,0,"Friday, Apr 8",N,7:20 PM,0,0,2_Marquee,ATL,CIN,0,0,0,0,0,0,0,1,0,0,0,0,0,0,0,0,0,0,0,W,7,6,0,44927,3,-1,Morton,Sanmartin,0,3:07,40234,0.92,1,0,0,4,17447,2259935, 130 ,1.19
4/9/22,Sat,7:20 PM,Reds at Braves,ATTENDED,,,,,,5,0,0.00,0.00,0.00,0.00,18.00,90.00,-90.00,-100%,0,0,0,0,0,0,7,0,0,0,0,1,0,0,0,0,"Saturday, Apr 9",N,7:20 PM,0,0,2_Marquee,ATL,CIN,0,0,0,0,0,0,0,1,0,0,0,0,0,0,0,0,0,0,0,W,2,1,0,44958,3,-1,Wright,Gutiérrez,Smith,2:50,40310,0.94,2,0,0,4,17447,2259935, 130 ,1.19
4/10/22,Sun,1:35 PM,Reds at Braves,PARKING,3/20/22,21,272014716,4/7/22,3,1,1,34.00,34.00,5.10,28.90,18.00,18.00,10.90,61%,0,0,0,0,0,0,1,0,0,0,0,0,1,0,0,0,"Sunday, Apr 10",D,1:35 PM,1,0,4_Select,ATL,CIN,0,0,0,0,0,0,0,1,0,0,0,0,0,0,0,0,0,0,0,L,3,6,0,44959,3,-1,Greene,Anderson,Warren,3:14,38233,0.94,-1,0,0,4,17447,2259935, 130 ,1.19
4/10/22,Sun,1:35 PM,Reds at Braves,SEATS,3/20/22,21,271619589,3/25/22,16,4,4,30.00,120.00,18.00,102.00,18.00,72.00,30.00,42%,0,0,0,0,0,0,1,0,0,0,0,0,1,0,0,0,"Sunday, Apr 10",D,1:35 PM,1,0,4_Select,ATL,CIN,0,0,0,0,0,0,0,1,0,0,0,0,0,0,0,0,0,0,0,L,3,6,0,44959,3,-1,Greene,Anderson,Warren,3:14,38233,0.94,-1,0,0,4,17447,2259935, 130 ,1.19
4/11/22,Mon,7:20 PM,Nationals at Braves,PARKING,3/20/22,22,271736540,3/30/22,12,1,1,49.00,49.00,7.35,41.65,18.00,18.00,23.65,131%,0,0,0,0,0,0,2,0,0,0,0,0,0,0,0,0,"Monday, Apr 11",N,7:20 PM,0,0,4_Select,ATL,WSN,0,0,0,0,0,0,0,0,0,0,0,0,0,0,0,0,0,1,0,L,2,11,0,44960,3,-1.5,Rogers,Ynoa,0,3:33,42263,0.96,-2,0,0,5,25017,6356434, 254 ,2
4/11/22,Mon,7:20 PM,Nationals at Braves,SEATS,3/20/22,22,271521323,3/21/22,21,2,2,31.00,62.00,9.30,52.70,18.00,36.00,16.70,46%,0,0,0,0,0,0,2,0,0,0,0,0,0,0,0,0,"Monday, Apr 11",N,7:20 PM,0,0,4_Select,ATL,WSN,0,0,0,0,0,0,0,0,0,0,0,0,0,0,0,0,0,1,0,L,2,11,0,44960,3,-1.5,Rogers,Ynoa,0,3:33,42263,0.96,-2,0,0,5,25017,6356434, 254 ,2
4/11/22,Mon,7:20 PM,Nationals at Braves,SEATS,3/20/22,22,271501789,3/20/22,22,2,2,31.00,62.00,9.30,52.70,18.00,36.00,16.70,46%,0,0,0,0,0,0,2,0,0,0,0,0,0,0,0,0,"Monday, Apr 11",N,7:20 PM,0,0,4_Select,ATL,WSN,0,0,0,0,0,0,0,0,0,0,0,0,0,0,0,0,0,1,0,L,2,11,0,44960,3,-1.5,Rogers,Ynoa,0,3:33,42263,0.96,-2,0,0,5,25017,6356434, 254 ,2
4/12/22,Tue,7:20 PM,Nationals at Braves,PARKING,3/20/22,23,272061785,4/8/22,4,1,1,24.00,24.00,3.60,20.40,18.00,18.00,2.40,13%,0,0,0,0,0,0,3,1,0,0,0,0,0,0,0,0,"Tuesday, Apr 12",N,7:20 PM,0,0,4_Select,ATL,WSN,0,0,0,0,0,0,0,0,0,0,0,0,0,0,0,0,0,1,0,W,16,4,0,44988,3,-1,Elder,Corbin,Stephens,3:37,31462,0.93,1,0,0,5,25017,6356434, 254 ,2
4/12/22,Tue,7:20 PM,Nationals at Braves,SEATS,3/20/22,23,272161474,4/11/22,1,4,4,12.00,48.00,7.20,40.80,18.00,72.00,-31.20,-43%,0,0,0,0,0,0,3,1,0,0,0,0,0,0,0,0,"Tuesday, Apr 12",N,7:20 PM,0,0,4_Select,ATL,WSN,0,0,0,0,0,0,0,0,0,0,0,0,0,0,0,0,0,1,0,W,16,4,0,44988,3,-1,Elder,Corbin,Stephens,3:37,31462,0.93,1,0,0,5,25017,6356434, 254 ,2
4/13/22,Wed,12:20 PM,Nationals at Braves,SEATS,3/20/22,24,272237977,4/13/22,0,4,1,7.88,7.88,1.20,6.68,18.00,72.00,-65.32,-91%,0,0,0,0,0,0,4,0,1,0,0,0,0,0,0,0,"Wednesday, Apr 13",D,12:20 PM,1,0,4_Select,ATL,WSN,0,0,0,0,0,0,0,0,0,0,0,0,0,0,0,0,0,1,0,L,1,3,0,44989,3,-2,Gray,Fried,Rainey,2:57,31959,0.97,-1,0,0,5,25017,6356434, 254 ,2
4/22/22,Fri,7:20 PM,Marlins at Braves,PARKING,4/7/22,15,272567058,4/22/22,0,1,1,44.70,44.70,6.71,38.00,18.00,18.00,20.00,111%,0,0,0,0,0,0,6,0,0,0,1,0,0,0,0,0,"Friday, Apr 22",N,7:20 PM,0,0,3_Premier,ATL,MIA,0,0,1,0,0,0,0,0,0,0,0,0,0,0,0,0,0,1,0,W,3,0,0,45115,2,-4,Wright,Rogers,Jansen,3:04,40402,0.86,1,0,0,4,11023,6091747, 553 ,0.99
4/22/22,Fri,7:20 PM,Marlins at Braves,SEATS,4/7/22,15,272154669,4/11/22,11,4,4,30.00,120.00,18.00,102.00,18.00,72.00,30.00,42%,0,0,0,0,0,0,6,0,0,0,1,0,0,0,0,0,"Friday, Apr 22",N,7:20 PM,0,0,3_Premier,ATL,MIA,0,0,1,0,0,0,0,0,0,0,0,0,0,0,0,0,0,1,0,W,3,0,0,45115,2,-4,Wright,Rogers,Jansen,3:04,40402,0.86,1,0,0,4,11023,6091747, 553 ,0.99
4/23/22,Sat,7:20 PM,Marlins at Braves,ATTENDED,,,,,,5,0,0.00,0.00,0.00,0.00,18.00,90.00,-90.00,-100%,0,0,0,0,0,0,7,0,0,0,0,1,0,0,0,0,"Saturday, Apr 23",N,7:20 PM,0,0,2_Marquee,ATL,MIA,0,0,1,0,0,0,0,0,0,0,0,0,0,0,0,0,0,1,0,L,7,9,0,45116,2,-4,Okert,Strider,Scott,3:44,41931,0.92,-1,0,0,4,11023,6091747, 553 ,0.99
4/24/22,Sun,1:35 PM,Marlins at Braves,PARKING,4/7/22,17,272567058,4/23/22,1,1,1,34.95,34.95,5.24,29.71,18.00,18.00,11.71,65%,0,0,0,0,0,0,1,0,0,0,0,0,1,0,0,0,"Sunday, Apr 24",D,1:35 PM,1,0,4_Select,ATL,MIA,0,0,1,0,0,0,0,0,0,0,0,0,0,0,0,0,0,1,0,L,4,5,0,45117,3,-5,Luzardo,Elder,Head,3:42,38440,0.86,-2,0,0,3,11023,6091747, 553 ,0.99
4/24/22,Sun,1:35 PM,Marlins at Braves,SEATS,4/7/22,17,272154668,4/13/22,11,4,4,17.00,68.00,10.20,57.80,18.00,72.00,-14.20,-20%,0,0,0,0,0,0,1,0,0,0,0,0,1,0,0,0,"Sunday, Apr 24",D,1:35 PM,1,0,4_Select,ATL,MIA,0,0,1,0,0,0,0,0,0,0,0,0,0,0,0,0,0,1,0,L,4,5,0,45117,3,-5,Luzardo,Elder,Head,3:42,38440,0.86,-2,0,0,4,11023,6091747, 553 ,0.99
4/26/22,Tue,7:20 PM,Cubs at Braves,PARKING,4/7/22,19,272720913,4/26/22,0,1,1,34.95,34.95,5.24,29.71,18.00,18.00,11.71,65%,0,0,0,0,0,0,3,1,0,0,0,0,0,0,0,0,"Tuesday, Apr 26",N,7:20 PM,0,0,4_Select,ATL,CHC,0,0,0,0,0,1,0,0,0,0,0,0,0,0,0,0,0,0,0,W,3,1,0,45148,3,-5.5,Fried,Stroman,Jansen,2:31,31990,0.78,1,0,0,4,32305,9509934, 294 ,3.8
4/26/22,Tue,7:20 PM,Cubs at Braves,SEATS,4/7/22,19,272440164,4/18/22,8,2,2,21.00,42.00,6.30,35.70,18.00,36.00,-0.30,-1%,0,0,0,0,0,0,3,1,0,0,0,0,0,0,0,0,"Tuesday, Apr 26",N,7:20 PM,0,0,4_Select,ATL,CHC,0,0,0,0,0,1,0,0,0,0,0,0,0,0,0,0,0,0,0,W,3,1,0,45148,3,-5.5,Fried,Stroman,Jansen,2:31,31990,0.78,1,0,0,3,32305,9509934, 294 ,3.8
4/26/22,Tue,7:20 PM,Cubs at Braves,SEATS,4/7/22,19,272617260,4/13/22,13,2,2,18.00,36.00,5.40,30.60,18.00,36.00,-5.40,-15%,0,0,0,0,0,0,3,1,0,0,0,0,0,0,0,0,"Tuesday, Apr 26",N,7:20 PM,0,0,4_Select,ATL,CHC,0,0,0,0,0,1,0,0,0,0,0,0,0,0,0,0,0,0,0,W,3,1,0,45148,3,-5.5,Fried,Stroman,Jansen,2:31,31990,0.78,1,0,0,3,32305,9509934, 294 ,3.8
4/27/22,Wed,7:20 PM,Cubs at Braves,PARKING,4/7/22,20,272706725,4/25/22,2,1,1,27.95,27.95,4.19,23.76,18.00,18.00,5.76,32%,0,0,0,0,0,0,4,0,1,0,0,0,0,0,0,0,"Wednesday, Apr 27",N,7:20 PM,0,0,4_Select,ATL,CHC,0,0,0,0,0,1,0,0,0,0,0,0,0,0,0,0,0,0,0,L,3,6,10,45149,4,-5.5,Robertson,Matzek,Wick,4:04,30362,0.81,-1,0,0,4,32305,9509934, 294 ,3.8
4/27/22,Wed,7:20 PM,Cubs at Braves,SEATS,4/7/22,20,272346731,4/16/22,11,4,4,18.00,72.00,10.80,61.20,18.00,72.00,-10.80,-15%,0,0,0,0,0,0,4,0,1,0,0,0,0,0,0,0,"Wednesday, Apr 27",N,7:20 PM,0,0,4_Select,ATL,CHC,0,0,0,0,0,1,0,0,0,0,0,0,0,0,0,0,0,0,0,L,3,6,10,45149,4,-5.5,Robertson,Matzek,Wick,4:04,30362,0.81,-1,0,0,3,32305,9509934, 294 ,3.8
4/28/22,Thu,7:20 PM,Cubs at Braves,PARKING,4/7/22,21,272700099,4/25/22,3,1,1,28.95,28.95,4.34,24.61,18.00,18.00,6.61,37%,0,0,0,0,0,0,5,0,0,1,0,0,0,0,0,0,"Thursday, Apr 28",N,7:20 PM,0,0,4_Select,ATL,CHC,0,0,0,0,0,1,0,0,0,0,0,0,0,0,0,0,0,0,0,W,5,1,0,45180,4,-5,Wright,Smyly,0,2:49,34183,0.76,1,1,0,4,32305,9509934, 294 ,3.8
4/28/22,Thu,7:20 PM,Cubs at Braves,SEATS,4/7/22,21,272688343,4/16/22,12,4,4,17.00,68.00,10.20,57.80,18.00,72.00,-14.20,-20%,0,0,0,0,0,0,5,0,0,1,0,0,0,0,0,0,"Thursday, Apr 28",N,7:20 PM,0,0,4_Select,ATL,CHC,0,0,0,0,0,1,0,0,0,0,0,0,0,0,0,0,0,0,0,W,5,1,0,45180,4,-5,Wright,Smyly,0,2:49,34183,0.76,1,1,0,3,32305,9509934, 294 ,3.8
5/6/22,Fri,7:20 PM,Brewers at Braves,PARKING,4/28/22,8,273029805,5/4/22,2,1,1,43.95,43.95,6.59,37.36,18.00,18.00,19.36,108%,1,0,0,0,0,0,6,0,0,0,1,0,0,0,0,0,"Friday, May 6",N,7:20 PM,0,0,3_Premier,ATL,MIL,0,0,0,0,1,0,0,0,0,0,0,0,0,0,0,0,0,0,0,L,3,6,0,45276,3,-7,Lauer,McHugh,Hader,3:15,36307,0.82,-1,1,0,1,30155,1566487, 52 ,1.28
5/6/22,Fri,7:20 PM,Brewers at Braves,SEATS,4/28/22,8,273071976,5/6/22,0,4,4,21.85,87.40,13.11,74.29,18.00,72.00,2.29,3%,1,0,0,0,0,0,6,0,0,0,1,0,0,0,0,0,"Friday, May 6",N,7:20 PM,0,0,3_Premier,ATL,MIL,0,0,0,0,1,0,0,0,0,0,0,0,0,0,0,0,0,0,0,L,3,6,0,45276,3,-7,Lauer,McHugh,Hader,3:15,36307,0.82,-1,1,0,1,30155,1566487, 52 ,1.28
5/7/22,Sat,7:20 PM,Brewers at Braves,PARKING,4/23/22,14,272996850,5/3/22,4,1,1,38.75,38.75,5.81,32.94,18.00,18.00,14.94,83%,1,0,0,0,0,0,7,0,0,0,0,1,0,0,0,0,"Saturday, May 7",N,7:20 PM,0,0,2_Marquee,ATL,MIL,0,0,0,0,1,0,0,0,0,0,0,0,0,0,0,0,0,0,0,W,3,2,0,13-16,3,-6.5,Fried,Burnes,Jansen,2:57,37857,0.72,1,0,0,1,30155,1566487, 52 ,1.28
5/7/22,Sat,7:20 PM,Brewers at Braves,SEATS,4/23/22,14,272781798,4/28/22,9,4,4,49.00,196.00,29.40,166.60,18.00,72.00,94.60,131%,1,0,0,0,0,0,7,0,0,0,0,1,0,0,0,0,"Saturday, May 7",N,7:20 PM,0,0,2_Marquee,ATL,MIL,0,0,0,0,1,0,0,0,0,0,0,0,0,0,0,0,0,0,0,W,3,2,0,13-16,3,-6.5,Fried,Burnes,Jansen,2:57,37857,0.72,1,0,0,1,30155,1566487, 52 ,1.28
5/8/22,Sun,1:35 PM,Brewers at Braves,ATTENDED,,,,,,5,0,0.00,0.00,0.00,0.00,18.00,90.00,-90.00,-100%,1,0,0,0,0,0,1,0,0,0,0,0,1,0,1,0,"Sunday, May 8",D,1:20 PM,1,0,4_Select,ATL,MIL,0,0,0,0,1,0,0,0,0,0,0,0,0,0,0,0,0,0,0,W,9,2,0,14-16,2,-6,Morton,Ashby,0,2:52,36551,0.78,2,0,0,,30155,1566487, 52 ,1.28
5/10/22,Tue,7:20 PM,Red Sox at Braves,SEATS,5/6/22,4,273247518,5/10/22,0,2,2,10.95,21.90,3.29,18.62,18.00,36.00,-17.39,-48%,1,0,0,0,0,0,3,1,0,0,0,0,0,0,0,0,"Tuesday, May 10",N,7:20 PM,0,0,3_Premier,ATL,BOS,0,0,0,0,0,0,0,0,0,0,0,0,0,0,0,0,1,0,1,L,4,9,0,14-17,2,-7,Danish,Wright,Schreiber,3:47,38378,0.77,-1,1,0,5,32408,4899932, 151 ,3.9
5/10/22,Tue,7:20 PM,Red Sox at Braves,ATTENDED,,,,,,3,0,0.00,0.00,0.00,0.00,18.00,54.00,-54.00,-100%,1,0,0,0,0,0,3,1,0,0,0,0,0,0,0,0,"Tuesday, May 10",N,7:20 PM,0,0,3_Premier,ATL,BOS,0,0,0,0,0,0,0,0,0,0,0,0,0,0,0,0,1,0,1,L,4,9,0,14-17,2,-7,Danish,Wright,Schreiber,3:47,38378,0.77,-1,1,0,,32408,4899932, 151 ,3.9
5/11/22,Wed,7:20 PM,Red Sox at Braves,PARKING,5/11/22,0,273262336,5/11/22,0,1,1,34.95,34.95,5.24,29.71,18.00,18.00,11.71,65%,1,0,0,0,0,0,4,0,1,0,0,0,0,0,0,0,"Wednesday, May 11",N,7:20 PM,0,0,3_Premier,ATL,BOS,0,0,0,0,0,0,0,0,0,0,0,0,0,0,0,0,1,0,1,W-wo,5,3,0,15-17,2,-6,Jansen,Brasier,0,3:11,37200,0.73,1,0,0,5,32408,4899932, 151 ,3.9
5/11/22,Wed,7:20 PM,Red Sox at Braves,SEATS,5/11/22,0,273204240,5/9/22,2,4,2,17.00,34.00,5.10,28.90,18.00,72.00,-43.10,-60%,1,0,0,0,0,0,4,0,1,0,0,0,0,0,0,0,"Wednesday, May 11",N,7:20 PM,0,0,3_Premier,ATL,BOS,0,0,0,0,0,0,0,0,0,0,0,0,0,0,0,0,1,0,1,W-wo,5,3,0,15-17,2,-6,Jansen,Brasier,0,3:11,37200,0.73,1,0,0,5,32408,4899932, 151 ,3.9
5/13/22,Fri,7:20 PM,Padres at Braves,ATTENDED,,,,,,5,0,0.00,0.00,0.00,0.00,18.00,90.00,-90.00,-100%,1,0,0,0,0,0,6,0,0,0,1,0,0,0,0,0,"Friday, May 13",N,7:20 PM,0,0,3_Premier,ATL,SDP,0,0,0,0,0,0,0,0,0,1,0,0,0,0,0,0,0,0,0,L,6,11,0,15-18,3,-6.5,García,Smith,Rogers,3:42,40635,0.82,-1,1,0,,36931,3286069, 89 ,1.575
5/14/22,Sat,4:05 PM,Padres at Braves,PARKING,4/28/22,16,273308859,5/14/22,0,1,1,38.95,38.95,5.84,33.11,18.00,18.00,15.11,84%,1,0,0,0,0,0,7,0,0,0,0,1,0,0,0,0,"Saturday, May 14",D,4:05 PM,0,1,2_Marquee,ATL,SDP,0,0,0,0,0,0,0,0,0,1,0,0,0,0,0,0,0,0,0,W,6,5,0,16-18,3,-6.5,Jansen,Wilson,0,2:55,40490,0.76,1,0,0,2,36931,3286069, 89 ,1.575
5/14/22,Sat,4:05 PM,Padres at Braves,SEATS,4/28/22,16,273391718,5/12/22,2,4,4,44.95,179.80,26.97,152.83,18.00,72.00,80.83,112%,1,0,0,0,0,0,7,0,0,0,0,1,0,0,0,0,"Saturday, May 14",D,4:05 PM,0,1,2_Marquee,ATL,SDP,0,0,0,0,0,0,0,0,0,1,0,0,0,0,0,0,0,0,0,W,6,5,0,16-18,3,-6.5,Jansen,Wilson,0,2:55,40490,0.76,1,0,0,2,36931,3286069, 89 ,1.575
5/15/22,Sun,11:35 AM,Padres at Braves,PARKING,5/6/22,9,273308859,5/10/22,5,1,1,34.95,34.95,5.24,29.71,18.00,18.00,11.71,65%,1,0,0,0,0,0,1,0,0,0,0,0,1,0,0,0,"Sunday, May 15",D,11:35 AM,1,0,4_Select,ATL,SDP,0,0,0,0,0,0,0,0,0,1,0,0,0,0,0,0,0,0,0,L,3,7,11,16-19,3,-6.5,Crismatt,Stephens,0,3:33,40114,0.83,-1,0,0,2,36931,3286069, 89 ,1.575
5/15/22,Sun,11:35 AM,Padres at Braves,SEATS,5/6/22,9,273410701,5/15/22,0,1,1,11.95,11.95,1.79,10.16,18.00,18.00,-7.84,-44%,1,0,0,0,0,0,1,0,0,0,0,0,1,0,0,0,"Sunday, May 15",D,11:35 AM,1,0,4_Select,ATL,SDP,0,0,0,0,0,0,0,0,0,1,0,0,0,0,0,0,0,0,0,L,3,7,11,16-19,3,-6.5,Crismatt,Stephens,0,3:33,40114,0.83,-1,0,0,2,36931,3286069, 89 ,1.575
5/15/22,Sun,11:35 AM,Padres at Braves,SEATS,5/6/22,9,273406315,5/15/22,0,3,3,11.95,35.85,5.38,30.47,18.00,54.00,-23.53,-44%,1,0,0,0,0,0,1,0,0,0,0,0,1,0,0,0,"Sunday, May 15",D,11:35 AM,1,0,4_Select,ATL,SDP,0,0,0,0,0,0,0,0,0,1,0,0,0,0,0,0,0,0,0,L,3,7,11,16-19,3,-6.5,Crismatt,Stephens,0,3:33,40114,0.83,-1,0,0,2,36931,3286069, 89 ,1.575
5/23/22,Mon,7:20 PM,Phillies at Braves,PARKING,5/15/22,8,273432565,5/15/22,8,1,1,89.95,89.95,13.49,76.46,18.00,18.00,58.46,325%,1,0,0,0,0,0,2,0,0,0,0,0,0,0,0,0,"Monday, May 23",N,7:20 PM,0,0,4_Select,ATL,PHI,0,1,0,0,0,0,0,0,0,0,0,0,0,0,0,0,0,1,0,L,3,7,0,19-23,3,-9,Wheeler,Davidson,0,3:37,41762,0.77,-2,0,0,2,28459,6228601, 219 ,2.3
5/23/22,Mon,7:20 PM,Phillies at Braves,SEATS,5/15/22,8,273505498,5/18/22,5,2,2,53.95,107.90,16.19,91.72,18.00,36.00,55.72,155%,1,0,0,0,0,0,2,0,0,0,0,0,0,0,0,0,"Monday, May 23",N,7:20 PM,0,0,4_Select,ATL,PHI,0,1,0,0,0,0,0,0,0,0,0,0,0,0,0,0,0,1,0,L,3,7,0,19-23,3,-9,Wheeler,Davidson,0,3:37,41762,0.77,-2,0,0,2,28459,6228601, 219 ,2.3
5/23/22,Mon,7:20 PM,Phillies at Braves,SEATS,5/15/22,8,273696156,5/23/22,0,2,2,14.95,29.90,4.49,25.42,18.00,36.00,-10.59,-29%,1,0,0,0,0,0,2,0,0,0,0,0,0,0,0,0,"Monday, May 23",N,7:20 PM,0,0,4_Select,ATL,PHI,0,1,0,0,0,0,0,0,0,0,0,0,0,0,0,0,0,1,0,L,3,7,0,19-23,3,-9,Wheeler,Davidson,0,3:37,41762,0.77,-2,0,0,2,28459,6228601, 219 ,2.3
5/24/22,Tue,7:20 PM,Phillies at Braves,PARKING,5/20/22,4,273654038,5/22/22,2,1,1,29.95,29.95,4.49,25.46,18.00,18.00,7.46,41%,1,0,0,0,0,0,3,1,0,0,0,0,0,0,0,0,"Tuesday, May 24",N,7:20 PM,0,0,4_Select,ATL,PHI,0,1,0,0,0,0,0,0,0,0,0,0,0,0,0,0,0,1,0,W-wo,6,5,0,20-23,2,-8,Jansen,Nelson,0,3:58,32274,0.7,1,0,0,3,28459,6228601, 219 ,2.3
5/24/22,Tue,7:20 PM,Phillies at Braves,SEATS,5/20/22,4,273665337,5/22/22,2,4,4,14.95,59.80,8.97,50.83,18.00,72.00,-21.17,-29%,1,0,0,0,0,0,3,1,0,0,0,0,0,0,0,0,"Tuesday, May 24",N,7:20 PM,0,0,4_Select,ATL,PHI,0,1,0,0,0,0,0,0,0,0,0,0,0,0,0,0,0,1,0,W-wo,6,5,0,20-23,2,-8,Jansen,Nelson,0,3:58,32274,0.7,1,0,0,3,28459,6228601, 219 ,2.3
5/25/22,Wed,7:20 PM,Phillies at Braves,PARKING,5/20/22,5,273735903,5/25/22,0,1,1,19.48,19.48,2.92,16.56,18.00,18.00,-1.44,-8%,1,0,0,0,0,0,4,0,1,0,0,0,0,0,0,0,"Wednesday, May 25",N,7:20 PM,0,0,4_Select,ATL,PHI,0,1,0,0,0,0,0,0,0,0,0,0,0,0,0,0,0,1,0,W,8,4,0,21-23,2,-7,Strider,Suárez,0,3:30,29339,0.75,2,0,0,2,28459,6228601, 219 ,2.3
5/25/22,Wed,7:20 PM,Phillies at Braves,SEATS,5/20/22,5,,,,4,0,14.95,0.00,0.00,0.00,18.00,72.00,-72.00,-100%,1,0,0,0,0,0,4,0,1,0,0,0,0,0,0,0,"Wednesday, May 25",N,7:20 PM,0,0,4_Select,ATL,PHI,0,1,0,0,0,0,0,0,0,0,0,0,0,0,0,0,0,1,0,W,8,4,0,21-23,2,-7,Strider,Suárez,0,3:30,29339,0.75,2,0,0,,28459,6228601, 219 ,2.3
5/26/22,Thu,7:20 PM,Phillies at Braves,PARKING,5/20/22,6,273786682,5/26/22,0,1,1,19.95,19.95,2.99,16.96,18.00,18.00,-1.04,-6%,1,0,0,0,0,0,5,0,0,1,0,0,0,0,0,0,"Thursday, May 26",N,7:20 PM,0,0,4_Select,ATL,PHI,0,1,0,0,0,0,0,0,0,0,0,0,0,0,0,0,0,1,0,L,1,4,0,21-24,2,-7.5,Nola,Wright,0,2:43,33188,0.78,-1,1,0,3,28459,6228601, 219 ,2.3
5/26/22,Thu,7:20 PM,Phillies at Braves,SEATS,5/20/22,6,273783465,5/22/22,4,4,2,7.95,15.90,2.39,13.52,18.00,72.00,-58.49,-81%,1,0,0,0,0,0,5,0,0,1,0,0,0,0,0,0,"Thursday, May 26",N,7:20 PM,0,0,4_Select,ATL,PHI,0,1,0,0,0,0,0,0,0,0,0,0,0,0,0,0,0,1,0,L,1,4,0,21-24,2,-7.5,Nola,Wright,0,2:43,33188,0.78,-1,1,0,3,28459,6228601, 219 ,2.3
5/27/22,Fri,7:20 PM,Marlins at Braves,PARKING,5/15/22,12,273430047,5/15/22,12,1,1,44.95,44.95,6.74,38.21,18.00,18.00,20.21,112%,1,0,0,0,0,1,6,0,0,0,1,0,0,0,0,0,"Friday, May 27",N,7:20 PM,0,0,3_Premier,ATL,MIA,0,0,1,0,0,0,0,0,0,0,0,0,0,0,0,0,0,1,0,W,6,4,0,22-24,2,-7.5,Stephens,Bass,Jansen,3:02,40064,0.77,1,0,0,4,11023,6091747, 553 ,0.99
5/27/22,Fri,7:20 PM,Marlins at Braves,SEATS,5/15/22,12,273794643,5/26/22,1,4,4,22.95,91.80,13.77,78.03,18.00,72.00,6.03,8%,1,0,0,0,0,1,6,0,0,0,1,0,0,0,0,0,"Friday, May 27",N,7:20 PM,0,0,3_Premier,ATL,MIA,0,0,1,0,0,0,0,0,0,0,0,0,0,0,0,0,0,1,0,W,6,4,0,22-24,2,-7.5,Stephens,Bass,Jansen,3:02,40064,0.77,1,0,0,4,11023,6091747, 553 ,0.99
5/28/22,Sat,4:10 PM,Marlins at Braves,PARKING,5/15/22,13,273647902,5/22/22,6,1,1,48.95,48.95,7.34,41.61,18.00,18.00,23.61,131%,1,0,0,0,0,1,7,0,0,0,0,1,0,0,0,0,"Saturday, May 28",D,4:10 PM,0,1,2_Marquee,ATL,MIA,0,0,1,0,0,0,0,0,0,0,0,0,0,0,0,0,0,1,0,L,1,4,0,22-25,2,-8.5,Alcantara,Davidson,Sulser,2:48,40682,0.81,-1,0,0,4,11023,6091747, 553 ,0.99
5/28/22,Sat,4:10 PM,Marlins at Braves,SEATS,5/15/22,13,273812506,5/27/22,1,2,2,24.95,49.90,7.49,42.42,18.00,36.00,6.42,18%,1,0,0,0,0,1,7,0,0,0,0,1,0,0,0,0,"Saturday, May 28",D,4:10 PM,0,1,2_Marquee,ATL,MIA,0,0,1,0,0,0,0,0,0,0,0,0,0,0,0,0,0,1,0,L,1,4,0,22-25,2,-8.5,Alcantara,Davidson,Sulser,2:48,40682,0.81,-1,0,0,4,11023,6091747, 553 ,0.99
5/28/22,Sat,4:10 PM,Marlins at Braves,SEATS,5/15/22,13,273812506,5/21/22,7,2,2,44.95,89.90,13.49,76.42,18.00,36.00,40.42,112%,1,0,0,0,0,1,7,0,0,0,0,1,0,0,0,0,"Saturday, May 28",D,4:10 PM,0,1,2_Marquee,ATL,MIA,0,0,1,0,0,0,0,0,0,0,0,0,0,0,0,0,0,1,0,L,1,4,0,22-25,2,-8.5,Alcantara,Davidson,Sulser,2:48,40682,0.81,-1,0,0,4,11023,6091747, 553 ,0.99
5/29/22,Sun,1:35 PM,Marlins at Braves,PARKING,5/15/22,14,273589303,5/20/22,9,1,1,36.95,36.95,5.54,31.41,18.00,18.00,13.41,74%,1,0,0,0,0,1,1,0,0,0,0,0,1,0,0,0,"Sunday, May 29",D,1:35 PM,1,0,3_Premier,ATL,MIA,0,0,1,0,0,0,0,0,0,0,0,0,0,0,0,0,0,1,0,W,6,3,0,23-25,2,-8.5,Fried,Hernandez,Jansen,3:09,39669,0.74,1,0,0,3,11023,6091747, 553 ,0.99
5/29/22,Sun,1:35 PM,Marlins at Braves,SEATS,5/15/22,14,273439282,5/16/22,13,4,4,24.95,99.80,14.97,84.83,18.00,72.00,12.83,18%,1,0,0,0,0,1,1,0,0,0,0,0,1,0,0,0,"Sunday, May 29",D,1:35 PM,1,0,3_Premier,ATL,MIA,0,0,1,0,0,0,0,0,0,0,0,0,0,0,0,0,0,1,0,W,6,3,0,23-25,2,-8.5,Fried,Hernandez,Jansen,3:09,39669,0.74,1,0,0,4,11023,6091747, 553 ,0.99
6/7/22,Tue,7:20 PM,Athletics at Braves,PARKING,5/25/22,13,274155304,6/5/22,2,1,1,24.00,24.00,3.60,20.40,18.00,18.00,2.40,13%,0,1,0,0,0,1,3,1,0,0,0,0,0,0,0,0,"Tuesday, Jun 7",N,7:20 PM,0,0,4_Select,ATL,OAK,0,0,0,0,0,0,0,0,0,0,0,0,0,0,0,1,0,0,1,W,3,2,0,29-27,2,-8,Wright,Trivino,Jansen,2:19,33981,0.82,6,0,0,5,9973,4623264, 464 ,1.18
6/7/22,Tue,7:20 PM,Athletics at Braves,SEATS,5/25/22,13,273915405,5/30/22,8,2,2,19.95,39.90,5.99,33.92,18.00,36.00,-2.09,-6%,0,1,0,0,0,1,3,1,0,0,0,0,0,0,0,0,"Tuesday, Jun 7",N,7:20 PM,0,0,4_Select,ATL,OAK,0,0,0,0,0,0,0,0,0,0,0,0,0,0,0,1,0,0,1,W,3,2,0,29-27,2,-8,Wright,Trivino,Jansen,2:19,33981,0.82,6,0,0,5,9973,4623264, 464 ,1.18
6/7/22,Tue,7:20 PM,Athletics at Braves,SEATS,5/25/22,13,273439282,5/27/22,11,2,2,19.95,39.90,5.99,33.92,18.00,36.00,-2.09,-6%,0,1,0,0,0,1,3,1,0,0,0,0,0,0,0,0,"Tuesday, Jun 7",N,7:20 PM,0,0,4_Select,ATL,OAK,0,0,0,0,0,0,0,0,0,0,0,0,0,0,0,1,0,0,1,W,3,2,0,29-27,2,-8,Wright,Trivino,Jansen,2:19,33981,0.82,6,0,0,4,9973,4623264, 464 ,1.18
6/8/22,Wed,7:20 PM,Athletics at Braves,PARKING,5/25/22,14,273815463,5/27/22,12,1,1,94.95,94.95,14.24,80.71,18.00,18.00,62.71,348%,0,1,0,0,0,1,4,0,1,0,0,0,0,0,0,0,"Wednesday, Jun 8",N,7:20 PM,0,0,4_Select,ATL,OAK,0,0,0,0,0,0,0,0,0,0,0,0,0,0,0,1,0,0,1,W,13,2,0,30-27,2,-7,Anderson,Koenig,0,2:47,42075,0.93,7,0,1,4,9973,4623264, 464 ,1.18
6/8/22,Wed,7:20 PM,Athletics at Braves,SEATS,5/25/22,14,273867036,5/28/22,11,2,2,49.95,99.90,14.99,84.92,18.00,36.00,48.92,136%,0,1,0,0,0,1,4,0,1,0,0,0,0,0,0,0,"Wednesday, Jun 8",N,7:20 PM,0,0,4_Select,ATL,OAK,0,0,0,0,0,0,0,0,0,0,0,0,0,0,0,1,0,0,1,W,13,2,0,30-27,2,-7,Anderson,Koenig,0,2:47,42075,0.93,7,0,1,5,9973,4623264, 464 ,1.18
6/8/22,Wed,7:20 PM,Athletics at Braves,SEATS,5/25/22,14,273788807,5/26/22,13,2,2,58.95,117.90,17.69,100.22,18.00,36.00,64.22,178%,0,1,0,0,0,1,4,0,1,0,0,0,0,0,0,0,"Wednesday, Jun 8",N,7:20 PM,0,0,4_Select,ATL,OAK,0,0,0,0,0,0,0,0,0,0,0,0,0,0,0,1,0,0,1,W,13,2,0,30-27,2,-7,Anderson,Koenig,0,2:47,42075,0.93,7,0,1,4,9973,4623264, 464 ,1.18
6/9/22,Thu,7:20 PM,Pirates at Braves,PARKING,5/25/22,15,274093478,6/4/22,5,1,1,29.95,29.95,4.49,25.46,18.00,18.00,7.46,41%,0,1,0,0,0,1,5,0,0,1,0,0,0,0,0,0,"Thursday, Jun 9",N,7:20 PM,0,0,4_Select,ATL,PIT,0,0,0,0,0,0,1,0,0,0,0,0,0,0,0,0,0,0,0,W,3,1,0,31-27,2,-6.5,Fried,Brubaker,Jansen,2:26,39336,0.98,8,0,0,3,15524,2353538, 152 ,1.32
6/9/22,Thu,7:20 PM,Pirates at Braves,SEATS,5/25/22,15,,,,4,0,49.95,0.00,0.00,0.00,18.00,72.00,-72.00,-100%,0,1,0,0,0,1,5,0,0,1,0,0,0,0,0,0,"Thursday, Jun 9",N,7:20 PM,0,0,4_Select,ATL,PIT,0,0,0,0,0,0,1,0,0,0,0,0,0,0,0,0,0,0,0,W,3,1,0,31-27,2,-6.5,Fried,Brubaker,Jansen,2:26,39336,0.98,8,0,0,,15524,2353538, 152 ,1.32
6/10/22,Fri,7:20 PM,Pirates at Braves,PARKING,5/25/22,16,501004848,6/9/22,1,1,1,40.13,40.13,6.02,34.11,18.00,18.00,16.11,90%,0,1,0,0,0,1,6,0,0,0,1,0,0,0,0,0,"Friday, Jun 10",N,7:20 PM,0,0,3_Premier,ATL,PIT,0,0,0,0,0,0,1,0,0,0,0,0,0,0,0,0,0,0,0,W,4,2,0,32-27,2,-6.5,Strider,Contreras,Jansen,3:04,41404,1.07,9,0,0,3,15524,2353538, 152 ,1.32
6/10/22,Fri,7:20 PM,Pirates at Braves,SEATS,5/25/22,16,273858984,5/28/22,13,4,4,34.00,136.00,20.40,115.60,18.00,72.00,43.60,61%,0,1,0,0,0,1,6,0,0,0,1,0,0,0,0,0,"Friday, Jun 10",N,7:20 PM,0,0,3_Premier,ATL,PIT,0,0,0,0,0,0,1,0,0,0,0,0,0,0,0,0,0,0,0,W,4,2,0,32-27,2,-6.5,Strider,Contreras,Jansen,3:04,41404,1.07,9,0,0,3,15524,2353538, 152 ,1.32
6/11/22,Sat,4:10 PM,Pirates at Braves,PARKING,5/25/22,17,501031036,6/9/22,2,1,1,32.95,32.95,4.94,28.01,18.00,18.00,10.01,56%,0,1,0,0,0,1,7,0,0,0,0,1,0,0,0,0,"Saturday, Jun 11",D,4:10 PM,0,1,2_Marquee,ATL,PIT,0,0,0,0,0,0,1,0,0,0,0,0,0,0,0,0,0,0,0,W,10,4,0,33-27,2,-5.5,Chavez,Underwood,0,2:42,41219,1.05,10,0,0,3,15524,2353538, 152 ,1.32
6/11/22,Sat,4:10 PM,Pirates at Braves,SEATS,5/25/22,17,273930416,5/30/22,12,4,4,44.95,179.80,26.97,152.83,18.00,72.00,80.83,112%,0,1,0,0,0,1,7,0,0,0,0,1,0,0,0,0,"Saturday, Jun 11",D,4:10 PM,0,1,2_Marquee,ATL,PIT,0,0,0,0,0,0,1,0,0,0,0,0,0,0,0,0,0,0,0,W,10,4,0,33-27,2,-5.5,Chavez,Underwood,0,2:42,41219,1.05,10,0,0,3,15524,2353538, 152 ,1.32
6/12/22,Sun,1:35 PM,Pirates at Braves,PARKING,5/26/22,17,500984072,6/8/22,4,1,1,27.95,27.95,2.80,25.15,18.00,18.00,7.15,40%,0,1,0,0,0,1,1,0,0,0,0,0,1,0,0,0,"Sunday, Jun 12",D,1:35 PM,1,0,3_Premier,ATL,PIT,0,0,0,0,0,0,1,0,0,0,0,0,0,0,0,0,0,0,0,W,5,3,0,34-27,2,-5.5,Wright,Quintana,Jansen,2:48,35446,1.1,11,0,0,3,15524,2353538, 152 ,1.32
6/12/22,Sun,1:35 PM,Pirates at Braves,SEATS,5/26/22,17,500983857,6/8/22,4,4,4,19.95,79.80,11.97,67.83,18.00,72.00,-4.17,-6%,0,1,0,0,0,1,1,0,0,0,0,0,1,0,0,0,"Sunday, Jun 12",D,1:35 PM,1,0,3_Premier,ATL,PIT,0,0,0,0,0,0,1,0,0,0,0,0,0,0,0,0,0,0,0,W,5,3,0,34-27,2,-5.5,Wright,Quintana,Jansen,2:48,35446,1.1,11,0,0,3,15524,2353538, 152 ,1.32
6/20/22,Mon,7:20 PM,Giants at Braves,SEATS,5/26/22,25,,,,4,0,14.45,0.00,0.00,0.00,18.00,72.00,-72.00,-100%,0,1,0,0,0,1,2,0,0,0,0,0,0,0,0,0,"Monday, Jun 20",N,7:20 PM,0,0,4_Select,ATL,SFG,0,0,0,0,0,0,0,0,0,0,1,0,0,0,0,0,0,0,0,W-wo,2,1,0,39-29,2,-5.5,Jansen,Doval,0,2:54,40589,1.24,2,1,0,,30650,4623264, 151 ,3.5
6/21/22,Tue,7:20 PM,Giants at Braves,ATTENDED,,,,,,5,0,0.00,0.00,0.00,0.00,18.00,90.00,-90.00,-100%,0,1,0,0,0,1,3,1,0,0,0,0,0,0,0,0,"Tuesday, Jun 21",N,7:20 PM,0,0,4_Select,ATL,SFG,0,0,0,0,0,0,0,0,0,0,1,0,0,0,0,0,0,0,0,L,10,12,0,39-30,2,-5.5,Rogers,O'Day,0,3:28,35384,1.25,-1,0,0,,30650,4623264, 151 ,3.5
6/22/22,Wed,7:20 PM,Giants at Braves,SEATS,,,501463492,6/21/22,1,4,3,14.45,43.35,4.34,39.02,18.00,72.00,-32.99,-46%,0,1,0,0,0,1,4,0,1,0,0,0,0,0,0,0,"Wednesday, Jun 22",N,7:20 PM,0,0,4_Select,ATL,SFG,0,0,0,0,0,0,0,0,0,0,1,0,0,0,0,0,0,0,0,W-wo,4,3,0,40-30,2,-4.5,Minter,McGee,0,2:52,38478,1.23,1,0,0,3,30650,4623264, 151 ,3.5
6/23/22,Thu,12:20 PM,Giants at Braves,SEATS,6/20/22,3,501512502,6/23/22,0,1,1,7.95,7.95,0.80,7.16,18.00,18.00,-10.85,-90%,0,1,0,0,0,1,5,0,0,1,0,0,0,0,0,0,"Thursday, Jun 23",D,12:20 PM,1,0,4_Select,ATL,SFG,0,0,0,0,0,0,0,0,0,0,1,0,0,0,0,0,0,0,0,W,7,6,0,41-30,2,-4,Wright,Wood,Jansen,3:08,36870,1.3,2,0,0,3,30650,4623264, 151 ,3.5
6/24/22,Fri,7:20 PM,Dodgers at Braves,PARKING,5/26/22,29,501519333,6/23/22,1,1,1,47.95,47.95,2.80,45.15,18.00,18.00,27.15,151%,0,1,0,0,0,1,6,0,0,0,1,0,0,0,0,0,"Friday, Jun 24",N,7:20 PM,0,0,2_Marquee,ATL,LAD,0,0,0,0,0,0,0,0,1,0,0,0,0,0,0,0,0,0,0,L,1,4,0,41-31,2,-5,Urías,Anderson,Kimbrel,3:09,42105,1.25,-1,0,0,1,47671,12997353, 273 ,4.08
6/24/22,Fri,7:20 PM,Dodgers at Braves,SEATS,5/25/22,30,274041925,6/3/22,21,4,4,123.00,492.00,73.80,418.20,18.00,72.00,346.20,481%,0,1,0,0,0,1,6,0,0,0,1,0,0,0,0,0,"Friday, Jun 24",N,7:20 PM,0,0,2_Marquee,ATL,LAD,0,0,0,0,0,0,0,0,1,0,0,0,0,0,0,0,0,0,0,L,1,4,0,41-31,2,-5,Urías,Anderson,Kimbrel,3:09,42105,1.25,-1,0,0,1,47671,12997353, 273 ,4.08
6/25/22,Sat,7:15 PM,Dodgers at Braves,PARKING,5/15/22,41,501509733,6/23/22,2,1,1,34.95,34.95,3.50,31.46,18.00,18.00,13.46,75%,0,1,0,0,0,1,7,0,0,0,0,1,0,0,0,0,"Saturday, Jun 25",N,7:15 PM,0,0,1_Diamond,ATL,LAD,0,0,0,0,0,0,0,0,1,0,0,0,0,0,0,0,0,0,0,W,5,3,0,42-31,2,-5,Minter,Graterol,Jansen,3:12,42161,1.18,1,0,0,1,47671,12997353, 273 ,4.08
6/25/22,Sat,7:15 PM,Dodgers at Braves,SEATS,5/15/22,41,273698487,5/24/22,32,4,4,134.00,536.00,80.40,455.60,18.00,72.00,383.60,533%,0,1,0,0,0,1,7,0,0,0,0,1,0,0,0,0,"Saturday, Jun 25",N,7:15 PM,0,0,1_Diamond,ATL,LAD,0,0,0,0,0,0,0,0,1,0,0,0,0,0,0,0,0,0,0,W,5,3,0,42-31,2,-5,Minter,Graterol,Jansen,3:12,42161,1.18,1,0,0,1,47671,12997353, 273 ,4.08
6/26/22,Sun,7:08 PM,Dodgers at Braves,PARKING,5/15/22,42,273902515,5/29/22,28,1,1,58.00,58.00,8.70,49.30,18.00,18.00,31.30,174%,0,1,0,0,0,1,1,0,0,0,0,0,1,0,0,0,"Sunday, Jun 26",N,7:08 PM,0,0,2_Marquee,ATL,LAD,0,0,0,0,0,0,0,0,1,0,0,0,0,0,0,0,0,0,0,L,3,5,11,42-32,2,-5,Kimbrel,O'Day,Graterol,4:23,42217,1.21,-1,0,0,1,47671,12997353, 273 ,4.08
6/26/22,Sun,7:08 PM,Dodgers at Braves,SEATS,5/15/22,42,501451161,6/21/22,5,2,2,63.95,127.90,12.79,115.11,18.00,36.00,79.11,220%,0,1,0,0,0,1,1,0,0,0,0,0,1,0,0,0,"Sunday, Jun 26",N,7:08 PM,0,0,2_Marquee,ATL,LAD,0,0,0,0,0,0,0,0,1,0,0,0,0,0,0,0,0,0,0,L,3,5,11,42-32,2,-5,Kimbrel,O'Day,Graterol,4:23,42217,1.21,-1,0,0,1,47671,12997353, 273 ,4.08
6/26/22,Sun,7:08 PM,Dodgers at Braves,SEATS,5/15/22,42,273698487,6/12/22,14,2,2,64.95,129.90,12.99,116.91,18.00,36.00,80.91,225%,0,1,0,0,0,1,1,0,0,0,0,0,1,0,0,0,"Sunday, Jun 26",N,7:08 PM,0,0,2_Marquee,ATL,LAD,0,0,0,0,0,0,0,0,1,0,0,0,0,0,0,0,0,0,0,L,3,5,11,42-32,2,-5,Kimbrel,O'Day,Graterol,4:23,42217,1.21,-1,0,0,1,47671,12997353, 273 ,4.08
7/4/22,Mon,7:20 PM,Cardinals at Braves,ATTENDED,,,,,,3,0,0.00,0.00,0.00,0.00,18.00,54.00,-54.00,-100%,0,0,1,0,0,1,2,0,0,0,0,0,0,0,0,1,"Monday, Jul 4",N,7:20 PM,0,0,1_Diamond,ATL,STL,0,0,0,1,0,0,0,0,0,0,0,0,0,0,0,0,0,0,0,W,6,3,0,47-34,2,-3.5,O'Day,Hudson,Smith,3:01,41975,1.34,1,0,0,,40994,2809299, 69 ,2.45
7/4/22,Mon,7:20 PM,Cardinals at Braves,SEATS,7/2/22,2,501886979,7/3/22,1,2,2,58.00,116.00,11.60,104.40,18.00,36.00,68.40,190%,0,0,1,0,0,1,2,0,0,0,0,0,0,0,0,1,"Monday, Jul 4",N,7:20 PM,0,0,1_Diamond,ATL,STL,0,0,0,1,0,0,0,0,0,0,0,0,0,0,0,0,0,0,0,W,6,3,0,47-34,2,-3.5,O'Day,Hudson,Smith,3:01,41975,1.34,1,0,0,2,40994,2809299, 69 ,2.45
7/5/22,Tue,7:20 PM,Cardinals at Braves,PARKING,6/24/22,11,501920337,7/4/22,1,1,1,20.95,20.95,2.10,18.86,18.00,18.00,0.86,5%,0,0,1,0,0,1,3,1,0,0,0,0,0,0,0,0,"Tuesday, Jul 5",N,7:20 PM,0,0,3_Premier,ATL,STL,0,0,0,1,0,0,0,0,0,0,0,0,0,0,0,0,0,0,0,W,7,1,0,48-34,2,-2.5,Anderson,Pallante,0,3:07,35656,1.29,2,0,0,2,40994,2809299, 69 ,2.45
7/5/22,Tue,7:20 PM,Cardinals at Braves,SEATS,6/24/22,11,501942903,7/4/22,1,1,1,17.95,17.95,1.80,16.16,18.00,18.00,-1.85,-10%,0,0,1,0,0,1,3,1,0,0,0,0,0,0,0,0,"Tuesday, Jul 5",N,7:20 PM,0,0,3_Premier,ATL,STL,0,0,0,1,0,0,0,0,0,0,0,0,0,0,0,0,0,0,0,W,7,1,0,48-34,2,-2.5,Anderson,Pallante,0,3:07,35656,1.29,2,0,0,2,40994,2809299, 69 ,2.45
7/5/22,Tue,7:20 PM,Cardinals at Braves,SEATS,6/24/22,11,273698487,7/5/22,0,3,3,17.95,53.85,5.39,48.47,18.00,54.00,-5.54,-10%,0,0,1,0,0,1,3,1,0,0,0,0,0,0,0,0,"Tuesday, Jul 5",N,7:20 PM,0,0,3_Premier,ATL,STL,0,0,0,1,0,0,0,0,0,0,0,0,0,0,0,0,0,0,0,W,7,1,0,48-34,2,-2.5,Anderson,Pallante,0,3:07,35656,1.29,2,0,0,2,40994,2809299, 69 ,2.45
7/6/22,Wed,7:20 PM,Cardinals at Braves,PARKING,6/24/22,12,501920955,7/4/22,2,1,1,24.95,24.95,2.50,22.46,18.00,18.00,4.46,25%,0,0,1,0,0,1,4,0,1,0,0,0,0,0,0,0,"Wednesday, Jul 6",N,7:20 PM,0,0,3_Premier,ATL,STL,0,0,0,1,0,0,0,0,0,0,0,0,0,0,0,0,0,0,0,W,3,0,0,49-34,2,-2.5,Fried,Mikolas,Minter,2:32,36718,1.29,3,1,0,2,40994,2809299, 69 ,2.45
7/6/22,Wed,7:20 PM,Cardinals at Braves,SEATS,6/24/22,12,501995735,7/6/22,0,1,1,14.45,14.45,1.45,13.01,18.00,18.00,-5.00,-28%,0,0,1,0,0,1,4,0,1,0,0,0,0,0,0,0,"Wednesday, Jul 6",N,7:20 PM,0,0,3_Premier,ATL,STL,0,0,0,1,0,0,0,0,0,0,0,0,0,0,0,0,0,0,0,W,3,0,0,49-34,2,-2.5,Fried,Mikolas,Minter,2:32,36718,1.29,3,1,0,2,40994,2809299, 69 ,2.45
7/6/22,Wed,7:20 PM,Cardinals at Braves,SEATS,6/24/22,12,501837283,7/4/22,2,3,3,27.88,83.64,8.36,75.28,18.00,54.00,21.28,39%,0,0,1,0,0,1,4,0,1,0,0,0,0,0,0,0,"Wednesday, Jul 6",N,7:20 PM,0,0,3_Premier,ATL,STL,0,0,0,1,0,0,0,0,0,0,0,0,0,0,0,0,0,0,0,W,3,0,0,49-34,2,-2.5,Fried,Mikolas,Minter,2:32,36718,1.29,3,1,0,2,40994,2809299, 69 ,2.45
7/7/22,Thu,7:20 PM,Cardinals at Braves,PARKING,6/24/22,13,501924523,7/4/22,3,1,1,22.95,22.95,2.30,20.66,18.00,18.00,2.66,15%,0,0,1,0,0,1,5,0,0,1,0,0,0,0,0,0,"Thursday, Jul 7",N,7:20 PM,0,0,3_Premier,ATL,STL,0,0,0,1,0,0,0,0,0,0,0,0,0,0,0,0,0,0,0,L,2,3,11,49-35,2,-3.5,Helsley,Matzek,Naughton,3:50,37756,1.21,-1,0,0,2,40994,2809299, 69 ,2.45
7/7/22,Thu,7:20 PM,Cardinals at Braves,SEATS,6/24/22,13,502015314,7/7/22,0,4,4,19.86,79.44,7.94,71.50,18.00,72.00,-0.50,-1%,0,0,1,0,0,1,5,0,0,1,0,0,0,0,0,0,"Thursday, Jul 7",N,7:20 PM,0,0,3_Premier,ATL,STL,0,0,0,1,0,0,0,0,0,0,0,0,0,0,0,0,0,0,0,L,2,3,11,49-35,2,-3.5,Helsley,Matzek,Naughton,3:50,37756,1.21,-1,0,0,2,40994,2809299, 69 ,2.45
7/8/22,Fri,7:20 PM,Nationals at Braves,PARKING,6/24/22,14,501939449,7/4/22,4,1,1,33.95,33.95,3.40,30.56,18.00,18.00,12.56,70%,0,0,1,0,0,1,6,0,0,0,1,0,0,0,0,0,"Friday, Jul 8",N,7:20 PM,0,0,2_Marquee,ATL,WSN,0,0,0,0,0,0,0,0,0,0,0,0,0,0,0,0,0,1,0,W,12,2,0,50-35,2,-2.5,Morton,Fedde,0,2:51,41725,1.13,1,0,0,5,25017,6356434, 254 ,2
7/8/22,Fri,7:20 PM,Nationals at Braves,SEATS,6/24/22,14,501549534,6/24/22,14,4,4,49.95,199.80,19.98,179.82,18.00,72.00,107.82,150%,0,0,1,0,0,1,6,0,0,0,1,0,0,0,0,0,"Friday, Jul 8",N,7:20 PM,0,0,2_Marquee,ATL,WSN,0,0,0,0,0,0,0,0,0,0,0,0,0,0,0,0,0,1,0,W,12,2,0,50-35,2,-2.5,Morton,Fedde,0,2:51,41725,1.13,1,0,0,5,25017,6356434, 254 ,2
7/9/22,Sat,4:10 PM,Nationals at Braves,PARKING,6/24/22,15,501731565,6/29/22,10,1,1,29.95,29.95,3.00,26.96,18.00,18.00,8.96,50%,0,0,1,0,0,1,7,0,0,0,0,1,0,0,0,0,"Saturday, Jul 9",D,4:10 PM,0,1,1_Diamond,ATL,WSN,0,0,0,0,0,0,0,0,0,0,0,0,0,0,0,0,0,1,0,W,4,3,0,51-35,2,-2.5,Wright,Corbin,Minter,2:36,40632,1.13,2,0,0,5,25017,6356434, 254 ,2
7/9/22,Sat,4:10 PM,Nationals at Braves,SEATS,6/24/22,15,501649547,6/27/22,12,4,4,59.00,236.00,23.60,212.40,18.00,72.00,140.40,195%,0,0,1,0,0,1,7,0,0,0,0,1,0,0,0,0,"Saturday, Jul 9",D,4:10 PM,0,1,1_Diamond,ATL,WSN,0,0,0,0,0,0,0,0,0,0,0,0,0,0,0,0,0,1,0,W,4,3,0,51-35,2,-2.5,Wright,Corbin,Minter,2:36,40632,1.13,2,0,0,5,25017,6356434, 254 ,2
7/10/22,Sun,1:35 PM,Nationals at Braves,PARKING,6/24/22,16,501965856,7/5/22,5,1,1,20.95,20.95,2.10,18.86,18.00,18.00,0.86,5%,0,0,1,0,0,1,1,0,0,0,0,0,1,0,0,0,"Sunday, Jul 10",D,1:35 PM,1,0,3_Premier,ATL,WSN,0,0,0,0,0,0,0,0,0,0,0,0,0,0,0,0,0,1,0,W-wo,4,3,12,52-35,2,-1.5,McHugh,Weems,0,3:53,32053,1.12,3,1,0,5,25017,6356434, 254 ,2
7/10/22,Sun,1:35 PM,Nationals at Braves,SEATS,6/24/22,16,,,,4,0,0.00,0.00,0.00,0.00,18.00,72.00,-72.00,-100%,0,0,1,0,0,1,1,0,0,0,0,0,1,0,0,0,"Sunday, Jul 10",D,1:35 PM,1,0,3_Premier,ATL,WSN,0,0,0,0,0,0,0,0,0,0,0,0,0,0,0,0,0,1,0,W-wo,4,3,12,52-35,2,-1.5,McHugh,Weems,0,3:53,32053,1.12,3,1,0,,25017,6356434, 254 ,2
7/11/22,Mon,7:20 PM,Mets at Braves,ATTENDED,,,,,,3,0,0.00,0.00,0.00,0.00,18.00,54.00,-54.00,-100%,0,0,1,0,0,1,2,0,0,0,0,0,0,0,0,0,"Monday, Jul 11",N,7:20 PM,0,0,4_Select,ATL,NYM,1,0,0,0,0,0,0,0,0,0,0,0,0,0,0,0,0,1,0,L,1,4,0,52-36,2,-2.5,Scherzer,Fried,Díaz,3:03,42925,1.54,-1,0,1,,33308,19768458, 594 ,2.65
7/11/22,Mon,7:20 PM,Mets at Braves,SEATS,7/5/22,6,502014243,7/7/22,4,2,2,74.62,149.24,14.92,134.32,18.00,36.00,98.32,273%,0,0,1,0,0,1,2,0,0,0,0,0,0,0,0,0,"Monday, Jul 11",N,7:20 PM,0,0,4_Select,ATL,NYM,1,0,0,0,0,0,0,0,0,0,0,0,0,0,0,0,0,1,0,L,1,4,0,52-36,2,-2.5,Scherzer,Fried,Díaz,3:03,42925,1.54,-1,0,1,1,33308,19768458, 594 ,2.65
7/12/22,Tue,7:20 PM,Mets at Braves,SEATS,7/5/22,7,501996467,7/6/22,6,4,4,47.95,191.80,19.18,172.62,18.00,72.00,100.62,140%,0,0,1,0,0,1,3,1,0,0,0,0,0,0,0,0,"Tuesday, Jul 12",N,7:20 PM,0,0,4_Select,ATL,NYM,1,0,0,0,0,0,0,0,0,0,0,0,0,0,0,0,0,1,0,W,4,1,0,53-36,2,-1.5,Matzek,Peterson,Minter,3:04,42217,1.54,1,1,0,1,33308,19768458, 594 ,2.65
7/12/22,Tue,7:20 PM,Mets at Braves,PARKING,7/5/22,7,502077155,7/8/22,4,1,1,34.95,34.95,3.50,31.46,18.00,18.00,13.46,75%,0,0,1,0,0,1,3,1,0,0,0,0,0,0,0,0,"Tuesday, Jul 12",N,7:20 PM,0,0,4_Select,ATL,NYM,1,0,0,0,0,0,0,0,0,0,0,0,0,0,0,0,0,1,0,W,4,1,0,53-36,2,-1.5,Matzek,Peterson,Minter,3:04,42217,1.54,1,1,0,1,33308,19768458, 594 ,2.65
7/13/22,Wed,12:20 PM,Mets at Braves,SEATS,6/24/22,19,502246403,7/6/22,7,3,3,18.95,56.85,5.69,51.17,18.00,54.00,-2.84,-5%,0,0,1,0,0,1,4,0,1,0,0,0,0,0,0,0,"Wednesday, Jul 13",D,12:20 PM,1,0,4_Select,ATL,NYM,1,0,0,0,0,0,0,0,0,0,0,0,0,0,0,0,0,1,0,L,3,7,0,53-37,2,-2.5,Bassitt,Morton,0,3:05,34879,1.55,-1,0,0,1,33308,19768458, 594 ,2.65
7/13/22,Wed,12:20 PM,Mets at Braves,SEATS,6/24/22,19,502188262,7/11/22,2,1,1,19.95,19.95,2.00,17.96,18.00,18.00,-0.05,0%,0,0,1,0,0,1,4,0,1,0,0,0,0,0,0,0,"Wednesday, Jul 13",D,12:20 PM,1,0,4_Select,ATL,NYM,1,0,0,0,0,0,0,0,0,0,0,0,0,0,0,0,0,1,0,L,3,7,0,53-37,2,-2.5,Bassitt,Morton,0,3:05,34879,1.55,-1,0,0,1,33308,19768458, 594 ,2.65
7/22/22,Fri,7:20 PM,Angels at Braves,SEATS,7/15/22,7,502381440,7/15/22,7,2,2,144.00,288.00,28.80,259.20,18.00,36.00,223.20,620%,0,0,1,0,0,1,6,0,0,0,1,0,0,0,0,0,"Friday, Jul 22",N,7:20 PM,0,0,2_Marquee,ATL,LAA,0,0,0,0,0,0,0,0,0,0,0,0,0,0,1,0,0,0,1,W,8,1,0,57-38,2,-1.5,Lee,Ohtani,0,2:59,42867,1.03,1,0,0,4,30339,12997353, 428 ,2.2
7/22/22,Fri,7:20 PM,Angels at Braves,SEATS,7/15/22,7,502433922,7/17/22,5,2,2,88.00,176.00,17.60,158.40,18.00,36.00,122.40,340%,0,0,1,0,0,1,6,0,0,0,1,0,0,0,0,0,"Friday, Jul 22",N,7:20 PM,0,0,2_Marquee,ATL,LAA,0,0,0,0,0,0,0,0,0,0,0,0,0,0,1,0,0,0,1,W,8,1,0,57-38,2,-1.5,Lee,Ohtani,0,2:59,42867,1.03,1,0,0,4,30339,12997353, 428 ,2.2
7/22/22,Fri,7:20 PM,Angels at Braves,PARKING,7/15/22,7,502617063,7/22/22,0,1,1,49.00,49.00,4.90,44.10,18.00,18.00,26.10,145%,0,0,1,0,0,1,6,0,0,0,1,0,0,0,0,0,"Friday, Jul 22",N,7:20 PM,0,0,2_Marquee,ATL,LAA,0,0,0,0,0,0,0,0,0,0,0,0,0,0,1,0,0,0,1,W,8,1,0,57-38,2,-1.5,Lee,Ohtani,0,2:59,42867,1.03,1,0,0,4,30339,12997353, 428 ,2.2
7/23/22,Sat,7:20 PM,Angels at Braves,SEATS,7/15/22,8,502438131,7/17/22,6,3,3,159.00,477.00,47.70,429.30,18.00,54.00,375.30,695%,0,0,1,0,0,1,7,0,0,0,0,1,0,0,0,0,"Saturday, Jul 23",N,7:20 PM,0,0,1_Diamond,ATL,LAA,0,0,0,0,0,0,0,0,0,0,0,0,0,0,1,0,0,0,1,W,7,2,0,58-38,2,-0.5,Wright,Sandoval,0,3:01,42827,1.01,2,0,0,4,30339,12997353, 428 ,2.2
7/23/22,Sat,7:20 PM,Angels at Braves,SEATS,7/15/22,8,502673191,7/23/22,0,1,1,49.00,49.00,4.90,44.10,18.00,18.00,26.10,145%,0,0,1,0,0,1,7,0,0,0,0,1,0,0,0,0,"Saturday, Jul 23",N,7:20 PM,0,0,1_Diamond,ATL,LAA,0,0,0,0,0,0,0,0,0,0,0,0,0,0,1,0,0,0,1,W,7,2,0,58-38,2,-0.5,Wright,Sandoval,0,3:01,42827,1.01,2,0,0,4,30339,12997353, 428 ,2.2
7/23/22,Sat,7:20 PM,Angels at Braves,PARKING,7/15/22,8,502539957,7/20/22,3,1,1,39.95,39.95,4.00,35.96,18.00,18.00,17.96,100%,0,0,1,0,0,1,7,0,0,0,0,1,0,0,0,0,"Saturday, Jul 23",N,7:20 PM,0,0,1_Diamond,ATL,LAA,0,0,0,0,0,0,0,0,0,0,0,0,0,0,1,0,0,0,1,W,7,2,0,58-38,2,-0.5,Wright,Sandoval,0,3:01,42827,1.01,2,0,0,4,30339,12997353, 428 ,2.2
7/24/22,Sun,1:35 PM,Angels at Braves,SEATS,7/15/22,9,502488187,7/18/22,6,4,4,98.00,392.00,39.20,352.80,18.00,72.00,280.80,390%,0,0,1,0,0,1,1,0,0,0,0,0,1,0,0,0,"Sunday, Jul 24",D,1:20 PM,1,0,4_Select,ATL,LAA,0,0,0,0,0,0,0,0,0,0,0,0,0,0,1,0,0,0,1,L,1,9,0,58-39,2,-1.5,Detmers,Anderson,0,3:17,42663,1.02,-1,0,0,4,30339,12997353, 428 ,2.2
7/24/22,Sun,1:35 PM,Angels at Braves,PARKING,7/15/22,9,502693743,7/23/22,1,1,1,32.95,32.95,3.30,29.66,18.00,18.00,11.66,65%,0,0,1,0,0,1,1,0,0,0,0,0,1,0,0,0,"Sunday, Jul 24",D,1:20 PM,1,0,4_Select,ATL,LAA,0,0,0,0,0,0,0,0,0,0,0,0,0,0,1,0,0,0,1,L,1,9,0,58-39,2,-1.5,Detmers,Anderson,0,3:17,42663,1.02,-1,0,0,4,30339,12997353, 428 ,2.2
7/29/22,Fri,7:20 PM,D-backs at Braves,SEATS,7/16/22,13,502476646,7/18/22,11,3,3,73.00,219.00,21.90,197.10,18.00,54.00,143.10,265%,0,0,1,0,0,1,6,0,0,0,1,0,0,0,0,0,"Friday, Jul 29",N,7:20 PM,0,0,2_Marquee,ATL,ARI,0,0,0,0,0,0,0,0,0,0,0,1,0,0,0,0,0,0,0,W,5,2,0,60-41,2,-3,Wright,Bumgarner,Jansen,2:40,41536,1,1,0,0,5,19817,4946145, 250 ,1.38
7/29/22,Fri,7:20 PM,D-backs at Braves,SEATS,7/16/22,13,502769046,7/25/22,4,1,1,73.00,73.00,7.30,65.70,18.00,18.00,47.70,265%,0,0,1,0,0,1,6,0,0,0,1,0,0,0,0,0,"Friday, Jul 29",N,7:20 PM,0,0,2_Marquee,ATL,ARI,0,0,0,0,0,0,0,0,0,0,0,1,0,0,0,0,0,0,0,W,5,2,0,60-41,2,-3,Wright,Bumgarner,Jansen,2:40,41536,1,1,0,0,5,19817,4946145, 250 ,1.38
7/29/22,Fri,7:20 PM,D-backs at Braves,PARKING,7/16/22,13,502928476,7/29/22,0,1,1,32.45,32.45,3.25,29.21,18.00,18.00,11.21,62%,0,0,1,0,0,1,6,0,0,0,1,0,0,0,0,0,"Friday, Jul 29",N,7:20 PM,0,0,2_Marquee,ATL,ARI,0,0,0,0,0,0,0,0,0,0,0,1,0,0,0,0,0,0,0,W,5,2,0,60-41,2,-3,Wright,Bumgarner,Jansen,2:40,41536,1,1,0,0,4,19817,4946145, 250 ,1.38
7/30/22,Sat,7:20 PM,D-backs at Braves,SEATS,7/16/22,14,502427111,7/16/22,14,4,4,78.00,312.00,31.20,280.80,18.00,72.00,208.80,290%,0,0,1,0,0,1,7,0,0,0,0,1,0,0,0,0,"Saturday, Jul 30",N,7:20 PM,0,0,2_Marquee,ATL,ARI,0,0,0,0,0,0,0,0,0,0,0,1,0,0,0,0,0,0,0,W,6,2,0,61-41,2,-3,Anderson,Martin,0,2:51,41682,0.98,2,0,0,5,19817,4946145, 250 ,1.38
7/30/22,Sat,7:20 PM,D-backs at Braves,PARKING,7/16/22,14,502882452,7/28/22,2,1,1,33.95,33.95,3.40,30.56,18.00,18.00,12.56,70%,0,0,1,0,0,1,7,0,0,0,0,1,0,0,0,0,"Saturday, Jul 30",N,7:20 PM,0,0,2_Marquee,ATL,ARI,0,0,0,0,0,0,0,0,0,0,0,1,0,0,0,0,0,0,0,W,6,2,0,61-41,2,-3,Anderson,Martin,0,2:51,41682,0.98,2,0,0,4,19817,4946145, 250 ,1.38
7/31/22,Sun,1:35 PM,D-backs at Braves,SEATS,7/16/22,15,502599852,7/21/22,10,4,4,34.00,136.00,13.60,122.40,18.00,72.00,50.40,70%,0,0,1,0,0,1,1,0,0,0,0,0,1,0,0,0,"Sunday, Jul 31",D,1:20 PM,1,0,4_Select,ATL,ARI,0,0,0,0,0,0,0,0,0,0,0,1,0,0,0,0,0,0,0,W-wo,1,0,0,62-41,2,-3,Jansen,Melancon,0,2:52,39005,0.92,3,0,0,5,19817,4946145, 250 ,1.38
7/31/22,Sun,1:35 PM,D-backs at Braves,PARKING,7/16/22,15,,,0,1,0,39.00,0.00,0.00,0.00,18.00,18.00,-18.00,-100%,0,0,1,0,0,1,1,0,0,0,0,0,1,0,0,0,"Sunday, Jul 31",D,1:20 PM,1,0,4_Select,ATL,ARI,0,0,0,0,0,0,0,0,0,0,0,1,0,0,0,0,0,0,0,W-wo,1,0,0,62-41,2,-3,Jansen,Melancon,0,2:52,39005,0.92,3,0,0,,19817,4946145, 250 ,1.38
8/2/22,Tue,7:20 PM,Phillies at Braves,SEATS,7/16/22,17,502478665,7/18/22,15,3,3,28.00,84.00,8.40,75.60,18.00,54.00,21.60,40%,0,0,0,1,0,1,3,1,0,0,0,0,0,0,0,0,"Tuesday, Aug 2",N,7:20 PM,0,0,4_Select,ATL,PHI,0,1,0,0,0,0,0,0,0,0,0,0,0,0,0,0,0,1,0,W,13,1,0,63-41,2,-2.5,Strider,Nelson,0,3:27,38932,0.96,4,1,0,3,28459,6228601, 219 ,2.3
8/2/22,Tue,7:20 PM,Phillies at Braves,SEATS,7/16/22,17,502478666,7/18/22,15,1,1,28.00,28.00,2.80,25.20,18.00,18.00,7.20,40%,0,0,0,1,0,1,3,1,0,0,0,0,0,0,0,0,"Tuesday, Aug 2",N,7:20 PM,0,0,4_Select,ATL,PHI,0,1,0,0,0,0,0,0,0,0,0,0,0,0,0,0,0,1,0,W,13,1,0,63-41,2,-2.5,Strider,Nelson,0,3:27,38932,0.96,4,1,0,3,28459,6228601, 219 ,2.3
8/2/22,Tue,7:20 PM,Phillies at Braves,PARKING,7/16/22,17,502865255,7/28/22,5,1,1,33.95,33.95,3.40,30.56,18.00,18.00,12.56,70%,0,0,0,1,0,1,3,1,0,0,0,0,0,0,0,0,"Tuesday, Aug 2",N,7:20 PM,0,0,4_Select,ATL,PHI,0,1,0,0,0,0,0,0,0,0,0,0,0,0,0,0,0,1,0,W,13,1,0,63-41,2,-2.5,Strider,Nelson,0,3:27,38932,0.96,4,1,0,3,28459,6228601, 219 ,2.3
8/3/22,Wed,12:20 PM,Phillies at Braves,SEATS,7/16/22,18,502892734,7/28/22,6,4,4,19.95,79.80,7.98,71.82,18.00,72.00,-0.18,0%,0,0,0,1,0,1,4,0,1,0,0,0,0,0,0,0,"Wednesday, Aug 3",D,12:20 PM,1,0,4_Select,ATL,PHI,0,1,0,0,0,0,0,0,0,0,0,0,0,0,0,0,0,1,0,L,1,3,0,63-42,2,-3.5,Wheeler,McHugh,Robertson,2:40,30380,0.99,-1,0,0,3,28459,6228601, 219 ,2.3
8/15/22,Mon,7:20 PM,Mets at Braves,SEATS,7/24/22,22,503154207,8/3/22,12,3,3,129.00,387.00,38.70,348.30,18.00,54.00,294.30,545%,0,0,0,1,0,0,2,0,0,0,0,0,0,0,0,0,"Monday, Aug 15",N,7:20 PM,0,0,4_Select,ATL,NYM,1,0,0,0,0,0,0,0,0,0,0,0,0,0,0,0,0,1,0,W,13,1,0,71-46,2,-4.5,Strider,Carrasco,0,3:18,38380,1.06,7,1,0,1,33308,19768458, 594 ,2.65
8/15/22,Mon,7:20 PM,Mets at Braves,SEATS,7/24/22,22,503506264,8/11/22,4,1,1,43.00,43.00,4.30,38.70,18.00,18.00,20.70,115%,0,0,0,1,0,0,2,0,0,0,0,0,0,0,0,0,"Monday, Aug 15",N,7:20 PM,0,0,4_Select,ATL,NYM,1,0,0,0,0,0,0,0,0,0,0,0,0,0,0,0,0,1,0,W,13,1,0,71-46,2,-4.5,Strider,Carrasco,0,3:18,38380,1.06,7,1,0,1,33308,19768458, 594 ,2.65
8/15/22,Mon,7:20 PM,Mets at Braves,PARKING,7/24/22,22,503699387,8/15/22,0,1,1,35.00,35.00,3.50,31.50,18.00,18.00,13.50,75%,0,0,0,1,0,0,2,0,0,0,0,0,0,0,0,0,"Monday, Aug 15",N,7:20 PM,0,0,4_Select,ATL,NYM,1,0,0,0,0,0,0,0,0,0,0,0,0,0,0,0,0,1,0,W,13,1,0,71-46,2,-4.5,Strider,Carrasco,0,3:18,38380,1.06,7,1,0,1,33308,19768458, 594 ,2.65
8/16/22,Tue,7:20 PM,Mets at Braves,SEATS,7/24/22,23,,,,1,0,30.00,0.00,0.00,0.00,18.00,18.00,-18.00,-100%,0,0,0,1,0,0,3,1,0,0,0,0,0,0,0,0,"Tuesday, Aug 16",N,7:20 PM,0,0,4_Select,ATL,NYM,1,0,0,0,0,0,0,0,0,0,0,0,0,0,0,0,0,1,0,W,5,0,0,72-46,2,-3.5,Morton,Alvarez,0,2:51,37449,1.25,8,0,0,,33308,19768458, 594 ,2.65
8/16/22,Tue,7:20 PM,Mets at Braves,SEATS,7/24/22,23,503160228,8/3/22,13,3,3,93.00,279.00,27.90,251.10,18.00,54.00,197.10,365%,0,0,0,1,0,0,3,1,0,0,0,0,0,0,0,0,"Tuesday, Aug 16",N,7:20 PM,0,0,4_Select,ATL,NYM,1,0,0,0,0,0,0,0,0,0,0,0,0,0,0,0,0,1,0,W,5,0,0,72-46,2,-3.5,Morton,Alvarez,0,2:51,37449,1.25,8,0,0,1,33308,19768458, 594 ,2.65
8/16/22,Tue,7:20 PM,Mets at Braves,PARKING,7/24/22,23,503744770,8/16/22,0,1,1,27.00,27.00,2.70,24.30,18.00,18.00,6.30,35%,0,0,0,1,0,0,3,1,0,0,0,0,0,0,0,0,"Tuesday, Aug 16",N,7:20 PM,0,0,4_Select,ATL,NYM,1,0,0,0,0,0,0,0,0,0,0,0,0,0,0,0,0,1,0,W,5,0,0,72-46,2,-3.5,Morton,Alvarez,0,2:51,37449,1.25,8,0,0,1,33308,19768458, 594 ,2.65
8/17/22,Wed,7:20 PM,Mets at Braves,SEATS,7/24/22,24,503759291,8/16/22,1,1,1,17.00,17.00,1.70,15.30,18.00,18.00,-2.70,-15%,0,0,0,1,0,0,4,0,1,0,0,0,0,0,0,0,"Wednesday, Aug 17",N,7:20 PM,0,0,4_Select,ATL,NYM,1,0,0,0,0,0,0,0,0,0,0,0,0,0,0,0,0,1,0,L,7,9,0,72-47,2,-4.5,Scherzer,Odorizzi,0,3:22,34308,1.39,-1,0,0,1,33308,19768458, 594 ,2.65
8/17/22,Wed,7:20 PM,Mets at Braves,SEATS,7/24/22,24,503794734,8/17/22,0,3,3,12.00,36.00,3.60,32.40,18.00,54.00,-21.60,-40%,0,0,0,1,0,0,4,0,1,0,0,0,0,0,0,0,"Wednesday, Aug 17",N,7:20 PM,0,0,4_Select,ATL,NYM,1,0,0,0,0,0,0,0,0,0,0,0,0,0,0,0,0,1,0,L,7,9,0,72-47,2,-4.5,Scherzer,Odorizzi,0,3:22,34308,1.39,-1,0,0,1,33308,19768458, 594 ,2.65
8/17/22,Wed,7:20 PM,Mets at Braves,PARKING,7/24/22,24,503757784,8/16/22,1,1,1,22.00,22.00,2.20,19.80,18.00,18.00,1.80,10%,0,0,0,1,0,0,4,0,1,0,0,0,0,0,0,0,"Wednesday, Aug 17",N,7:20 PM,0,0,4_Select,ATL,NYM,1,0,0,0,0,0,0,0,0,0,0,0,0,0,0,0,0,1,0,L,7,9,0,72-47,2,-4.5,Scherzer,Odorizzi,0,3:22,34308,1.39,-1,0,0,1,33308,19768458, 594 ,2.65
8/18/22,Thu,7:20 PM,Mets at Braves,SEATS,7/24/22,25,503701326,8/15/22,3,4,3,34.00,102.00,10.20,91.80,18.00,72.00,19.80,28%,0,0,0,1,0,0,5,0,0,1,0,0,0,0,0,0,"Thursday, Aug 18",N,7:20 PM,0,0,4_Select,ATL,NYM,1,0,0,0,0,0,0,0,0,0,0,0,0,0,0,0,0,1,0,W,3,2,0,73-47,2,-3.5,Fried,deGrom,Jansen,2:41,39378,1.2,1,0,0,1,33308,19768458, 594 ,2.65
8/18/22,Thu,7:20 PM,Mets at Braves,PARKING,7/24/22,25,503745432,8/16/22,2,1,1,26.00,26.00,2.60,23.40,18.00,18.00,5.40,30%,0,0,0,1,0,0,5,0,0,1,0,0,0,0,0,0,"Thursday, Aug 18",N,7:20 PM,0,0,4_Select,ATL,NYM,1,0,0,0,0,0,0,0,0,0,0,0,0,0,0,0,0,1,0,W,3,2,0,73-47,2,-3.5,Fried,deGrom,Jansen,2:41,39378,1.2,1,0,0,1,33308,19768458, 594 ,2.65
8/19/22,Fri,7:20 PM,Astros at Braves,SEATS,7/24/22,26,503173495,8/3/22,16,4,3,86.00,258.00,25.80,232.20,18.00,72.00,160.20,223%,0,0,0,1,0,0,6,0,0,0,1,0,0,0,0,0,"Friday, Aug 19",N,7:20 PM,0,0,3_Premier,ATL,HOU,0,0,0,0,0,0,0,0,0,0,0,0,0,1,0,0,0,0,1,W,6,2,0,74-47,2,-3.5,Wright,McCullers,0,3:04,42837,0.84,2,1,0,1,33197,7206841, 217 ,1.98
8/19/22,Fri,7:20 PM,Astros at Braves,PARKING,7/24/22,26,503744808,8/16/22,3,1,1,26.00,26.00,2.60,23.40,18.00,18.00,5.40,30%,0,0,0,1,0,0,6,0,0,0,1,0,0,0,0,0,"Friday, Aug 19",N,7:20 PM,0,0,3_Premier,ATL,HOU,0,0,0,0,0,0,0,0,0,0,0,0,0,1,0,0,0,0,1,W,6,2,0,74-47,2,-3.5,Wright,McCullers,0,3:04,42837,0.84,2,1,0,1,33197,7206841, 217 ,1.98
8/20/22,Sat,7:15 PM,Astros at Braves,ATTENDED,,,,,,5,0,,,,,18.00,90.00,-90.00,,0,0,0,1,0,0,7,0,0,0,0,1,0,0,0,0,"Saturday, Aug 20",N,7:15 PM,0,0,2_Marquee,ATL,HOU,0,0,0,0,0,0,0,0,0,0,0,0,0,1,0,0,0,0,1,W-wo,5,4,11,75-47,2,-3,Stephens,Stanek,0,3:59,42893,0.77,3,0,0,,33197,7206841, 217 ,1.98
8/21/22,Sun,1:35 PM,Astros at Braves,SEATS,7/16/22,36,502718032,7/24/22,28,3,3,39.00,117.00,11.70,105.30,18.00,54.00,51.30,95%,0,0,0,1,0,0,1,0,0,0,0,0,1,0,0,0,"Sunday, Aug 21",D,1:20 PM,1,0,4_Select,ATL,HOU,0,0,0,0,0,0,0,0,0,0,0,0,0,1,0,0,0,0,1,L,4,5,0,75-48,2,-4,Urquidy,Lee,Pressly,3:11,42531,0.8,-1,0,0,1,33197,7206841, 217 ,1.98
8/21/22,Sun,1:35 PM,Astros at Braves,SEATS,7/16/22,36,502718032,8/21/22,0,1,1,8.00,8.00,0.80,7.20,18.00,18.00,-10.80,-60%,0,0,0,1,0,0,1,0,0,0,0,0,1,0,0,0,"Sunday, Aug 21",D,1:20 PM,1,0,4_Select,ATL,HOU,0,0,0,0,0,0,0,0,0,0,0,0,0,1,0,0,0,0,1,L,4,5,0,75-48,2,-4,Urquidy,Lee,Pressly,3:11,42531,0.8,-1,0,0,1,33197,7206841, 217 ,1.98
8/21/22,Sun,1:35 PM,Astros at Braves,PARKING,7/16/22,36,503753083,8/16/22,5,1,1,26.00,26.00,2.60,23.40,18.00,18.00,5.40,30%,0,0,0,1,0,0,1,0,0,0,0,0,1,0,0,0,"Sunday, Aug 21",D,1:20 PM,1,0,4_Select,ATL,HOU,0,0,0,0,0,0,0,0,0,0,0,0,0,1,0,0,0,0,1,L,4,5,0,75-48,2,-4,Urquidy,Lee,Pressly,3:11,42531,0.8,-1,0,0,1,33197,7206841, 217 ,1.98
8/30/22,Tue,7:20 PM,Rockies at Braves,SEATS,8/20/22,10,504488418,8/30/22,0,2,2,8.00,16.00,1.60,14.40,18.00,36.00,-21.60,-60%,0,0,0,1,0,0,3,1,0,0,0,0,0,0,0,0,"Tuesday, Aug 30",N,7:20 PM,0,0,4_Select,ATL,COL,0,0,0,0,0,0,0,0,0,0,0,0,1,0,0,0,0,0,0,L,2,3,0,79-51,2,-3,Ureña,Fried,Bard,3:34,34237,0.81,-3,1,0,5,32467,2972566, 92 ,1.39
8/30/22,Tue,7:20 PM,Rockies at Braves,SEATS,8/20/22,10,504508272,8/30/22,0,1,1,6.00,6.00,0.60,5.40,18.00,18.00,-12.60,-70%,0,0,0,1,0,0,3,1,0,0,0,0,0,0,0,0,"Tuesday, Aug 30",N,7:20 PM,0,0,4_Select,ATL,COL,0,0,0,0,0,0,0,0,0,0,0,0,1,0,0,0,0,0,0,L,2,3,0,79-51,2,-3,Ureña,Fried,Bard,3:34,34237,0.81,-3,1,0,5,32467,2972566, 92 ,1.39
8/30/22,Tue,7:20 PM,Rockies at Braves,PARKING,8/20/22,10,504471411,8/29/22,1,1,1,22.00,22.00,2.20,19.80,18.00,18.00,1.80,10%,0,0,0,1,0,0,3,1,0,0,0,0,0,0,0,0,"Tuesday, Aug 30",N,7:20 PM,0,0,4_Select,ATL,COL,0,0,0,0,0,0,0,0,0,0,0,0,1,0,0,0,0,0,0,L,2,3,0,79-51,2,-3,Ureña,Fried,Bard,3:34,34237,0.81,-3,1,0,5,32467,2972566, 92 ,1.39
8/31/22,Wed,7:20 PM,Rockies at Braves,SEATS,8/20/22,11,504448092,8/29/22,2,4,4,9.00,36.00,3.60,32.40,18.00,72.00,-39.60,-55%,0,0,0,1,0,0,4,0,1,0,0,0,0,0,0,0,"Wednesday, Aug 31",N,7:20 PM,0,0,4_Select,ATL,COL,0,0,0,0,0,0,0,0,0,0,0,0,1,0,0,0,0,0,0,W,3,2,0,80-51,2,-3,Wright,Feltner,Jansen,2:29,29554,0.82,1,0,0,5,32467,2972566, 92 ,1.39
8/31/22,Wed,7:20 PM,Rockies at Braves,PARKING,8/20/22,11,504528129,8/30/22,1,1,1,19.00,19.00,1.90,17.10,18.00,18.00,-0.90,-5%,0,0,0,1,0,0,4,0,1,0,0,0,0,0,0,0,"Wednesday, Aug 31",N,7:20 PM,0,0,4_Select,ATL,COL,0,0,0,0,0,0,0,0,0,0,0,0,1,0,0,0,0,0,0,W,3,2,0,80-51,2,-3,Wright,Feltner,Jansen,2:29,29554,0.82,1,0,0,5,32467,2972566, 92 ,1.39
9/1/22,Thu,7:20 PM,Rockies at Braves,SEATS,8/20/22,12,504340241,8/27/22,5,1,1,14.00,14.00,1.40,12.60,18.00,18.00,-5.40,-30%,0,0,0,0,1,0,5,0,0,1,0,0,0,0,0,0,"Thursday, Sep 1",N,7:20 PM,0,0,4_Select,ATL,COL,0,0,0,0,0,0,0,0,0,0,0,0,1,0,0,0,0,0,0,W,3,0,0,81-51,2,-3,Strider,Kuhl,Jansen,2:23,31203,0.82,2,0,0,5,32467,2972566, 92 ,1.39
9/1/22,Thu,7:20 PM,Rockies at Braves,SEATS,8/20/22,12,504628811,9/1/22,0,3,3,7.00,21.00,2.10,18.90,18.00,54.00,-35.10,-65%,0,0,0,0,1,0,5,0,0,1,0,0,0,0,0,0,"Thursday, Sep 1",N,7:20 PM,0,0,4_Select,ATL,COL,0,0,0,0,0,0,0,0,0,0,0,0,1,0,0,0,0,0,0,W,3,0,0,81-51,2,-3,Strider,Kuhl,Jansen,2:23,31203,0.82,2,0,0,5,32467,2972566, 92 ,1.39
9/1/22,Thu,7:20 PM,Rockies at Braves,PARKING,8/20/22,12,504497490,8/30/22,2,1,1,20.00,20.00,2.00,18.00,18.00,18.00,0.00,0%,0,0,0,0,1,0,5,0,0,1,0,0,0,0,0,0,"Thursday, Sep 1",N,7:20 PM,0,0,4_Select,ATL,COL,0,0,0,0,0,0,0,0,0,0,0,0,1,0,0,0,0,0,0,W,3,0,0,81-51,2,-3,Strider,Kuhl,Jansen,2:23,31203,0.82,2,0,0,5,32467,2972566, 92 ,1.39
9/2/22,Fri,7:20 PM,Marlins at Braves,SEATS,8/20/22,13,504435684,8/29/22,4,2,2,78.00,156.00,15.60,140.40,18.00,36.00,104.40,290%,0,0,0,0,1,0,6,0,0,0,1,0,0,0,0,0,"Friday, Sep 2",N,7:20 PM,0,0,4_Select,ATL,MIA,0,0,1,0,0,0,0,0,0,0,0,0,0,0,0,0,0,1,0,W,8,1,0,82-51,2,-3,Morton,Alcantara,0,2:57,42161,0.77,3,1,0,4,11023,6091747, 553 ,0.99
9/2/22,Fri,7:20 PM,Marlins at Braves,SEATS,8/20/22,13,504498203,8/30/22,3,2,2,58.00,116.00,11.60,104.40,18.00,36.00,68.40,190%,0,0,0,0,1,0,6,0,0,0,1,0,0,0,0,0,"Friday, Sep 2",N,7:20 PM,0,0,4_Select,ATL,MIA,0,0,1,0,0,0,0,0,0,0,0,0,0,0,0,0,0,1,0,W,8,1,0,82-51,2,-3,Morton,Alcantara,0,2:57,42161,0.77,3,1,0,4,11023,6091747, 553 ,0.99
9/2/22,Fri,7:20 PM,Marlins at Braves,PARKING,8/20/22,13,504156217,8/24/22,9,1,1,62.00,62.00,6.20,55.80,18.00,18.00,37.80,210%,0,0,0,0,1,0,6,0,0,0,1,0,0,0,0,0,"Friday, Sep 2",N,7:20 PM,0,0,4_Select,ATL,MIA,0,0,1,0,0,0,0,0,0,0,0,0,0,0,0,0,0,1,0,W,8,1,0,82-51,2,-3,Morton,Alcantara,0,2:57,42161,0.77,3,1,0,4,11023,6091747, 553 ,0.99
9/3/22,Sat,7:20 PM,Marlins at Braves,SEATS,8/20/22,14,504118291,8/23/22,11,4,4,79.00,316.00,31.60,284.40,18.00,72.00,212.40,295%,0,0,0,0,1,0,7,0,0,0,0,1,0,0,0,0,"Saturday, Sep 3",N,7:20 PM,0,0,3_Premier,ATL,MIA,0,0,1,0,0,0,0,0,0,0,0,0,0,0,0,0,0,1,0,W-wo,2,1,0,83-51,2,-2,Matzek,Okert,0,3:05,42405,0.79,4,0,0,4,11023,6091747, 553 ,0.99
9/3/22,Sat,7:20 PM,Marlins at Braves,PARKING,8/20/22,14,504594551,8/31/22,3,1,1,33.00,33.00,3.30,29.70,18.00,18.00,11.70,65%,0,0,0,0,1,0,7,0,0,0,0,1,0,0,0,0,"Saturday, Sep 3",N,7:20 PM,0,0,3_Premier,ATL,MIA,0,0,1,0,0,0,0,0,0,0,0,0,0,0,0,0,0,1,0,W-wo,2,1,0,83-51,2,-2,Matzek,Okert,0,3:05,42405,0.79,4,0,0,4,11023,6091747, 553 ,0.99
9/4/22,Sun,1:35 PM,Marlins at Braves,SEATS,8/20/22,15,504258042,8/25/22,10,4,4,48.00,192.00,19.20,172.80,18.00,72.00,100.80,140%,0,0,0,0,1,0,1,0,0,0,0,0,1,0,0,0,"Sunday, Sep 4",D,1:20 PM,1,0,4_Select,ATL,MIA,0,0,1,0,0,0,0,0,0,0,0,0,0,0,0,0,0,1,0,W,7,1,0,84-51,2,-1,Fried,López,0,2:59,42360,0.9,5,0,0,4,11023,6091747, 553 ,0.99
9/4/22,Sun,1:35 PM,Marlins at Braves,PARKING,8/20/22,15,504400419,8/28/22,7,1,1,38.00,38.00,3.80,34.20,18.00,18.00,16.20,90%,0,0,0,0,1,0,1,0,0,0,0,0,1,0,0,0,"Sunday, Sep 4",D,1:20 PM,1,0,4_Select,ATL,MIA,0,0,1,0,0,0,0,0,0,0,0,0,0,0,0,0,0,1,0,W,7,1,0,84-51,2,-1,Fried,López,0,2:59,42360,0.9,5,0,0,4,11023,6091747, 553 ,0.99
9/16/22,Fri,7:20 PM,Phillies at Braves,SEATS,8/20/22,27,504043663,8/21/22,26,4,4,88.00,352.00,35.20,316.80,18.00,72.00,244.80,340%,0,0,0,0,1,0,6,0,0,0,1,0,0,0,0,0,"Friday, Sep 16",N,7:20 PM,0,0,3_Premier,ATL,PHI,0,1,0,0,0,0,0,0,0,0,0,0,0,0,0,0,0,1,0,W,7,2,0,89-55,2,-1,Chavez,Domínguez,0,3:15,42578,1.19,1,1,0,3,28459,6228601, 219 ,2.3
9/16/22,Fri,7:20 PM,Phillies at Braves,PARKING,8/20/22,27,505275757,9/12/22,4,1,1,49.00,49.00,4.90,44.10,18.00,18.00,26.10,145%,0,0,0,0,1,0,6,0,0,0,1,0,0,0,0,0,"Friday, Sep 16",N,7:20 PM,0,0,3_Premier,ATL,PHI,0,1,0,0,0,0,0,0,0,0,0,0,0,0,0,0,0,1,0,W,7,2,0,89-55,2,-1,Chavez,Domínguez,0,3:15,42578,1.19,1,1,0,3,28459,6228601, 219 ,2.3
9/17/22,Sat,7:20 PM,Phillies at Braves,SEATS,8/20/22,28,504376997,8/27/22,21,3,3,78.00,234.00,23.40,210.60,18.00,54.00,156.60,290%,0,0,0,0,1,0,7,0,0,0,0,1,0,0,0,0,"Saturday, Sep 17",N,7:20 PM,0,0,2_Marquee,ATL,PHI,0,1,0,0,0,0,0,0,0,0,0,0,0,0,0,0,0,1,0,W,4,3,0,90-55,2,-1,Lee,Nola,Jansen,3:18,42542,1.22,2,0,0,3,28459,6228601, 219 ,2.3
9/17/22,Sat,7:20 PM,Phillies at Braves,SEATS,8/20/22,28,504376997,9/16/22,1,1,1,39.00,39.00,3.90,35.10,18.00,18.00,17.10,95%,0,0,0,0,1,0,7,0,0,0,0,1,0,0,0,0,"Saturday, Sep 17",N,7:20 PM,0,0,2_Marquee,ATL,PHI,0,1,0,0,0,0,0,0,0,0,0,0,0,0,0,0,0,1,0,W,4,3,0,90-55,2,-1,Lee,Nola,Jansen,3:18,42542,1.22,2,0,0,3,28459,6228601, 219 ,2.3
9/17/22,Sat,7:20 PM,Phillies at Braves,PARKING,8/20/22,28,505324863,9/13/22,4,1,1,34.00,34.00,3.40,30.60,18.00,18.00,12.60,70%,0,0,0,0,1,0,7,0,0,0,0,1,0,0,0,0,"Saturday, Sep 17",N,7:20 PM,0,0,2_Marquee,ATL,PHI,0,1,0,0,0,0,0,0,0,0,0,0,0,0,0,0,0,1,0,W,4,3,0,90-55,2,-1,Lee,Nola,Jansen,3:18,42542,1.22,2,0,0,3,28459,6228601, 219 ,2.3
9/18/22,Sun,1:35 PM,Phillies at Braves,SEATS,8/20/22,29,504065828,8/22/22,27,4,4,48.00,192.00,19.20,172.80,18.00,72.00,100.80,140%,0,0,0,0,1,0,1,0,0,0,0,0,1,0,0,0,"Sunday, Sep 18",D,1:20 PM,1,0,4_Select,ATL,PHI,0,1,0,0,0,0,0,0,0,0,0,0,0,0,0,0,0,1,0,W,5,2,0,91-55,2,-1,Strider,Brogdon,0,3:06,42015,1.15,3,1,0,3,28459,6228601, 219 ,2.3
9/18/22,Sun,1:35 PM,Phillies at Braves,PARKING,8/20/22,29,505156108,9/10/22,8,1,1,49.00,49.00,4.90,44.10,18.00,18.00,26.10,145%,0,0,0,0,1,0,1,0,0,0,0,0,1,0,0,0,"Sunday, Sep 18",D,1:20 PM,1,0,4_Select,ATL,PHI,0,1,0,0,0,0,0,0,0,0,0,0,0,0,0,0,0,1,0,W,5,2,0,91-55,2,-1,Strider,Brogdon,0,3:06,42015,1.15,3,1,0,3,28459,6228601, 219 ,2.3
9/19/22,Mon,7:20 PM,Nationals at Braves,SEATS,8/20/22,30,505660610,9/18/22,1,4,4,8.00,32.00,3.20,28.80,18.00,72.00,-43.20,-60%,0,0,0,0,1,0,2,0,0,0,0,0,0,0,0,0,"Monday, Sep 19",N,7:20 PM,0,0,4_Select,ATL,WSN,0,0,0,0,0,0,0,0,0,0,0,0,0,0,0,0,0,1,0,W,5,2,0,92-55,2,-1,Wright,Abbott,Jansen,2:46,33443,1.21,4,0,0,5,25017,6356434, 254 ,2
9/19/22,Mon,7:20 PM,Nationals at Braves,PARKING,8/20/22,30,505676726,9/18/22,1,1,1,28.00,28.00,2.80,25.20,18.00,18.00,7.20,40%,0,0,0,0,1,0,2,0,0,0,0,0,0,0,0,0,"Monday, Sep 19",N,7:20 PM,0,0,4_Select,ATL,WSN,0,0,0,0,0,0,0,0,0,0,0,0,0,0,0,0,0,1,0,W,5,2,0,92-55,2,-1,Wright,Abbott,Jansen,2:46,33443,1.21,4,0,0,5,25017,6356434, 254 ,2
9/20/22,Tue,7:20 PM,Nationals at Braves,SEATS,8/20/22,31,504175406,8/24/22,27,3,3,26.00,78.00,7.80,70.20,18.00,54.00,16.20,30%,0,0,0,0,1,0,3,1,0,0,0,0,0,0,0,0,"Tuesday, Sep 20",N,7:20 PM,0,0,4_Select,ATL,WSN,0,0,0,0,0,0,0,0,0,0,0,0,0,0,0,0,0,1,0,W,3,2,0,93-55,2,-1,Morton,Ramírez,Jansen,3:18,40224,1.22,5,1,0,5,25017,6356434, 254 ,2
9/20/22,Tue,7:20 PM,Nationals at Braves,SEATS,8/20/22,31,505777899,9/20/22,0,1,1,7.00,7.00,0.70,6.30,18.00,18.00,-11.70,-65%,0,0,0,0,1,0,3,1,0,0,0,0,0,0,0,0,"Tuesday, Sep 20",N,7:20 PM,0,0,4_Select,ATL,WSN,0,0,0,0,0,0,0,0,0,0,0,0,0,0,0,0,0,1,0,W,3,2,0,93-55,2,-1,Morton,Ramírez,Jansen,3:18,40224,1.22,5,1,0,5,25017,6356434, 254 ,2
9/20/22,Tue,7:20 PM,Nationals at Braves,PARKING,8/20/22,31,505305887,9/12/22,8,1,1,39.00,39.00,3.90,35.10,18.00,18.00,17.10,95%,0,0,0,0,1,0,3,1,0,0,0,0,0,0,0,0,"Tuesday, Sep 20",N,7:20 PM,0,0,4_Select,ATL,WSN,0,0,0,0,0,0,0,0,0,0,0,0,0,0,0,0,0,1,0,W,3,2,0,93-55,2,-1,Morton,Ramírez,Jansen,3:18,40224,1.22,5,1,0,5,25017,6356434, 254 ,2
9/21/22,Wed,12:20 PM,Nationals at Braves,SEATS,8/20/22,32,505446410,9/15/22,6,4,4,9.00,36.00,3.60,32.40,18.00,72.00,-39.60,-55%,0,0,0,0,1,0,4,0,1,0,0,0,0,0,0,0,"Wednesday, Sep 21",D,12:20 PM,1,0,4_Select,ATL,WSN,0,0,0,0,0,0,0,0,0,0,0,0,0,0,0,0,0,1,0,L,2,3,0,93-56,2,-1,Machado,Chavez,Finnegan,3:13,37240,1.23,-1,0,0,5,25017,6356434, 254 ,2
9/30/22,Fri,7:20 PM,Mets at Braves,SEATS,8/27/22,34,504723871,9/2/22,28,3,3,149.00,447.00,44.70,402.30,18.00,54.00,348.30,645%,0,0,0,0,1,0,6,0,0,0,1,0,0,0,0,0,"Friday, Sep 30",N,7:20 PM,0,0,3_Premier,ATL,NYM,1,0,0,0,0,0,0,0,0,0,0,0,0,0,0,0,0,1,0,W,5,2,0,98-59,1,0,Fried,deGrom,Jansen,2:54,42402,2.56,1,0,0,1,33308,19768458, 594 ,2.65
9/30/22,Fri,7:20 PM,Mets at Braves,SEATS,8/27/22,34,505899999,9/22/22,8,1,1,88.00,88.00,8.80,79.20,18.00,18.00,61.20,340%,0,0,0,0,1,0,6,0,0,0,1,0,0,0,0,0,"Friday, Sep 30",N,7:20 PM,0,0,3_Premier,ATL,NYM,1,0,0,0,0,0,0,0,0,0,0,0,0,0,0,0,0,1,0,W,5,2,0,98-59,1,0,Fried,deGrom,Jansen,2:54,42402,2.56,1,0,0,1,33308,19768458, 594 ,2.65
9/30/22,Fri,7:20 PM,Mets at Braves,PARKING,8/27/22,34,505329479,9/13/22,17,1,1,64.00,64.00,6.40,57.60,18.00,18.00,39.60,220%,0,0,0,0,1,0,6,0,0,0,1,0,0,0,0,0,"Friday, Sep 30",N,7:20 PM,0,0,3_Premier,ATL,NYM,1,0,0,0,0,0,0,0,0,0,0,0,0,0,0,0,0,1,0,W,5,2,0,98-59,1,0,Fried,deGrom,Jansen,2:54,42402,2.56,1,0,0,1,33308,19768458, 594 ,2.65
10/1/22,Sat,7:20 PM,Mets at Braves,ATTENDED,,,,,,3,0,,,,,18.00,54.00,-54.00,,0,0,0,0,1,0,7,0,0,0,0,0,1,0,0,0,"Saturday, Oct 1",N,7:20 PM,0,0,2_Marquee,ATL,NYM,1,0,0,0,0,0,0,0,0,0,0,0,0,0,0,0,0,1,0,W,4,2,0,99-59,1,1,Wright,Scherzer,Jansen,2:54,42561,3.62,2,0,0,,33308,19768458, 594 ,2.65
10/1/22,Sat,7:20 PM,Mets at Braves,SEATS,10/1/22,0,506418004,10/1/22,0,2,2,109.00,218.00,21.80,196.20,18.00,36.00,160.20,445%,0,0,0,0,1,0,7,0,0,0,0,0,1,0,0,0,"Saturday, Oct 1",N,7:20 PM,0,0,2_Marquee,ATL,NYM,1,0,0,0,0,0,0,0,0,0,0,0,0,0,0,0,0,1,0,W,4,2,0,99-59,1,1,Wright,Scherzer,Jansen,2:54,42561,3.62,2,0,0,1,33308,19768458, 594 ,2.65
10/2/22,Sun,1:35 PM,Mets at Braves,SEATS,8/27/22,36,504844966,9/4/22,28,4,4,110.00,440.00,44.00,396.00,18.00,72.00,324.00,450%,0,0,0,0,1,0,1,0,0,0,0,0,1,0,0,0,"Sunday, Oct 2",D,1:35 PM,0,0,3_Premier,ATL,NYM,1,0,0,0,0,0,0,0,0,0,0,0,0,0,0,0,0,1,0,W,5,3,0,100-59,1,2,Lee,Bassitt,Jansen,3:21,42713,4.11,3,0,0,1,33308,19768458, 594 ,2.65
10/2/22,Sun,1:35 PM,Mets at Braves,PARKING,8/27/22,36,504914922,9/6/22,26,1,1,61.00,61.00,6.10,54.90,18.00,18.00,36.90,205%,0,0,0,0,1,0,1,0,0,0,0,0,1,0,0,0,"Sunday, Oct 2",D,1:35 PM,0,0,3_Premier,ATL,NYM,1,0,0,0,0,0,0,0,0,0,0,0,0,0,0,0,0,1,0,W,5,3,0,100-59,1,2,Lee,Bassitt,Jansen,3:21,42713,4.11,3,0,0,1,33308,19768458, 594 ,2.65